-1.000000000000000000e+00,4.541212121212120678e+01,-5.510657586479688064e+01,-4.000000000000000000e+01
-1.000000000000000000e+00,4.401802204679705710e+01,-5.464848484848484134e+01,-4.000000000000000000e+01
-1.000000000000000000e+00,4.387272727272727479e+01,-5.459556645925349017e+01,-4.000000000000000000e+01
-1.000000000000000000e+00,4.233333333333332149e+01,-5.389755356438088540e+01,-4.000000000000000000e+01
-1.000000000000000000e+00,4.089319354658047700e+01,-5.310909090909089514e+01,-4.000000000000000000e+01
-1.000000000000000000e+00,4.079393939393938240e+01,-5.304817933268560637e+01,-4.000000000000000000e+01
-1.000000000000000000e+00,3.925454545454544331e+01,-5.195231927377896142e+01,-4.000000000000000000e+01
-1.000000000000000000e+00,3.878329229968918668e+01,-5.156969696969696315e+01,-4.000000000000000000e+01
-1.000000000000000000e+00,3.771515151515150421e+01,-5.058701664174695622e+01,-4.000000000000000000e+01
-1.000000000000000000e+00,3.717374796432594763e+01,-5.003030303030302406e+01,-4.000000000000000000e+01
-1.000000000000000000e+00,3.617575757575757223e+01,-4.885807449343190001e+01,-4.000000000000000000e+01
-1.000000000000000000e+00,3.589105738838703985e+01,-4.849090909090908497e+01,-4.000000000000000000e+01
-1.000000000000000000e+00,3.485072418851926557e+01,-4.695151515151514587e+01,-4.000000000000000000e+01
-1.000000000000000000e+00,3.463636363636363313e+01,-4.658543542962791406e+01,-4.000000000000000000e+01
-1.000000000000000000e+00,3.399916944174558608e+01,-4.541212121212120678e+01,-4.000000000000000000e+01
-1.000000000000000000e+00,3.328289359960399452e+01,-4.387272727272726769e+01,-4.000000000000000000e+01
-1.000000000000000000e+00,3.309696969696969404e+01,-4.340545795591071965e+01,-4.000000000000000000e+01
-1.000000000000000000e+00,3.269517452276581082e+01,-4.233333333333332860e+01,-4.000000000000000000e+01
-1.000000000000000000e+00,3.220795350457498785e+01,-4.079393939393938950e+01,-4.000000000000000000e+01
-1.000000000000000000e+00,3.180255508924764030e+01,-3.925454545454545041e+01,-4.000000000000000000e+01
-1.000000000000000000e+00,3.155757575757575495e+01,-3.811713140854689641e+01,-4.000000000000000000e+01
-1.000000000000000000e+00,3.147478126586551639e+01,-3.771515151515151132e+01,-4.000000000000000000e+01
-1.000000000000000000e+00,3.122226504743244035e+01,-3.617575757575757223e+01,-4.000000000000000000e+01
-1.000000000000000000e+00,3.102971763815172324e+01,-3.463636363636363313e+01,-4.000000000000000000e+01
-1.000000000000000000e+00,3.089289215974631730e+01,-3.309696969696969404e+01,-4.000000000000000000e+01
-1.000000000000000000e+00,3.080827782396172054e+01,-3.155757575757575495e+01,-4.000000000000000000e+01
-1.000000000000000000e+00,3.077296336999187076e+01,-3.001818181818181230e+01,-4.000000000000000000e+01
-1.000000000000000000e+00,3.078452365573934202e+01,-2.847878787878787321e+01,-4.000000000000000000e+01
-1.000000000000000000e+00,3.084092294372561227e+01,-2.693939393939393767e+01,-4.000000000000000000e+01
-1.000000000000000000e+00,3.094042984156394027e+01,-2.539999999999999858e+01,-4.000000000000000000e+01
-1.000000000000000000e+00,3.108153986335656072e+01,-2.386060606060606304e+01,-4.000000000000000000e+01
-1.000000000000000000e+00,3.126290230216638477e+01,-2.232121212121211684e+01,-4.000000000000000000e+01
-1.000000000000000000e+00,3.148324863906129423e+01,-2.078181818181817775e+01,-4.000000000000000000e+01
-1.000000000000000000e+00,3.155757575757575495e+01,-2.033286378907245862e+01,-4.000000000000000000e+01
-1.000000000000000000e+00,3.175102120535827055e+01,-1.924242424242424221e+01,-4.000000000000000000e+01
-1.000000000000000000e+00,3.206144657539334020e+01,-1.770303030303030312e+01,-4.000000000000000000e+01
-1.000000000000000000e+00,3.240921782808242568e+01,-1.616363636363636047e+01,-4.000000000000000000e+01
-1.000000000000000000e+00,3.279264190470702545e+01,-1.462424242424242138e+01,-4.000000000000000000e+01
-1.000000000000000000e+00,3.309696969696969404e+01,-1.349436679344379009e+01,-4.000000000000000000e+01
-1.000000000000000000e+00,3.321730285870391697e+01,-1.308484848484849117e+01,-4.000000000000000000e+01
-1.000000000000000000e+00,3.369631904379977527e+01,-1.154545454545453964e+01,-4.000000000000000000e+01
-1.000000000000000000e+00,3.420620406064364971e+01,-1.000606060606060232e+01,-4.000000000000000000e+01
-1.000000000000000000e+00,3.463636363636363313e+01,-8.766842384387896203e+00,-4.000000000000000000e+01
-1.000000000000000000e+00,3.475203660421650653e+01,-8.466666666666663232e+00,-4.000000000000000000e+01
-1.000000000000000000e+00,3.535896028523352896e+01,-6.927272727272725916e+00,-4.000000000000000000e+01
-1.000000000000000000e+00,3.598464808576414242e+01,-5.387878787878788600e+00,-4.000000000000000000e+01
-1.000000000000000000e+00,3.617575757575757223e+01,-4.918462397717219936e+00,-4.000000000000000000e+01
-1.000000000000000000e+00,3.666874459721363166e+01,-3.848484848484851284e+00,-4.000000000000000000e+01
-1.000000000000000000e+00,3.737661461846621336e+01,-2.309090909090913524e+00,-4.000000000000000000e+01
-1.000000000000000000e+00,3.771515151515150421e+01,-1.556080286253158418e+00,-4.000000000000000000e+01
-1.000000000000000000e+00,3.812437869201124840e+01,-7.696969696969757635e-01,-4.000000000000000000e+01
-1.000000000000000000e+00,3.889420283629507225e+01,7.696969696969618857e-01,-4.000000000000000000e+01
-1.000000000000000000e+00,3.925454545454544331e+01,1.528478332712365217e+00,-4.000000000000000000e+01
-1.000000000000000000e+00,3.969649809037166222e+01,2.309090909090913524e+00,-4.000000000000000000e+01
-1.000000000000000000e+00,4.052244464685254144e+01,3.848484848484851284e+00,-4.000000000000000000e+01
-1.000000000000000000e+00,4.079393939393938240e+01,4.384389040392370873e+00,-4.000000000000000000e+01
-1.000000000000000000e+00,4.142686462184674667e+01,5.387878787878788600e+00,-4.000000000000000000e+01
-1.000000000000000000e+00,4.233333333333332149e+01,6.903842356308110162e+00,-4.000000000000000000e+01
-1.000000000000000000e+00,4.235207195034588068e+01,6.927272727272725916e+00,-4.000000000000000000e+01
-1.000000000000000000e+00,4.350911118324611238e+01,8.466666666666663232e+00,-4.000000000000000000e+01
-1.000000000000000000e+00,4.387272727272727479e+01,8.977679652818757461e+00,-4.000000000000000000e+01
-1.000000000000000000e+00,4.499299728569159385e+01,1.000606060606060232e+01,-4.000000000000000000e+01
-1.000000000000000000e+00,4.541212121212120678e+01,1.041310949719559531e+01,-4.000000000000000000e+01
-1.000000000000000000e+00,4.695151515151514587e+01,1.109052870155530890e+01,-4.000000000000000000e+01
-1.000000000000000000e+00,4.849090909090908497e+01,1.091671896472751691e+01,-4.000000000000000000e+01
-1.000000000000000000e+00,4.980053327821516262e+01,1.000606060606060232e+01,-4.000000000000000000e+01
-1.000000000000000000e+00,5.003030303030300274e+01,9.857060237176101580e+00,-4.000000000000000000e+01
-1.000000000000000000e+00,5.116503697360468550e+01,8.466666666666663232e+00,-4.000000000000000000e+01
-1.000000000000000000e+00,5.156969696969696315e+01,8.007015301104592808e+00,-4.000000000000000000e+01
-1.000000000000000000e+00,5.220340690184730903e+01,6.927272727272725916e+00,-4.000000000000000000e+01
-1.000000000000000000e+00,5.310909090909090935e+01,5.500733670823279020e+00,-4.000000000000000000e+01
-1.000000000000000000e+00,5.316199517816509257e+01,5.387878787878788600e+00,-4.000000000000000000e+01
-1.000000000000000000e+00,5.394738682412449293e+01,3.848484848484851284e+00,-4.000000000000000000e+01
-1.000000000000000000e+00,5.464848484848483423e+01,2.581803950513815504e+00,-4.000000000000000000e+01
-1.000000000000000000e+00,5.476640006819484796e+01,2.309090909090913524e+00,-4.000000000000000000e+01
-1.000000000000000000e+00,5.549099918165116918e+01,7.696969696969618857e-01,-4.000000000000000000e+01
-1.000000000000000000e+00,5.618787878787878753e+01,-5.999821179150884864e-01,-4.000000000000000000e+01
-1.000000000000000000e+00,5.625774126071571146e+01,-7.696969696969757635e-01,-4.000000000000000000e+01
-1.000000000000000000e+00,5.693897707668305230e+01,-2.309090909090913524e+00,-4.000000000000000000e+01
-1.000000000000000000e+00,5.765204911394948795e+01,-3.848484848484851284e+00,-4.000000000000000000e+01
-1.000000000000000000e+00,5.772727272727271242e+01,-4.004370187073988063e+00,-4.000000000000000000e+01
-1.000000000000000000e+00,5.827958054715961822e+01,-5.387878787878788600e+00,-4.000000000000000000e+01
-1.000000000000000000e+00,5.890450529784195055e+01,-6.927272727272725916e+00,-4.000000000000000000e+01
-1.000000000000000000e+00,5.926666666666665861e+01,-7.810769298163506846e+00,-4.000000000000000000e+01
-1.000000000000000000e+00,5.949312054932982363e+01,-8.466666666666663232e+00,-4.000000000000000000e+01
-1.000000000000000000e+00,6.002463012128578157e+01,-1.000606060606060232e+01,-4.000000000000000000e+01
-1.000000000000000000e+00,6.054710246638902760e+01,-1.154545454545453964e+01,-4.000000000000000000e+01
-1.000000000000000000e+00,6.080606060606058350e+01,-1.232328903286211208e+01,-4.000000000000000000e+01
-1.000000000000000000e+00,6.102254910883869599e+01,-1.308484848484849117e+01,-4.000000000000000000e+01
-1.000000000000000000e+00,6.144768937354492522e+01,-1.462424242424242138e+01,-4.000000000000000000e+01
-1.000000000000000000e+00,6.185434097021434496e+01,-1.616363636363636047e+01,-4.000000000000000000e+01
-1.000000000000000000e+00,6.223997025833016039e+01,-1.770303030303030312e+01,-4.000000000000000000e+01
-1.000000000000000000e+00,6.234545454545452969e+01,-1.814746029701429109e+01,-4.000000000000000000e+01
-1.000000000000000000e+00,6.257010723881524683e+01,-1.924242424242424221e+01,-4.000000000000000000e+01
-1.000000000000000000e+00,6.286445759411159173e+01,-2.078181818181817775e+01,-4.000000000000000000e+01
-1.000000000000000000e+00,6.313458607831678648e+01,-2.232121212121211684e+01,-4.000000000000000000e+01
-1.000000000000000000e+00,6.337899583566964168e+01,-2.386060606060606304e+01,-4.000000000000000000e+01
-1.000000000000000000e+00,6.359623154665787581e+01,-2.539999999999999858e+01,-4.000000000000000000e+01
-1.000000000000000000e+00,6.378482761779525845e+01,-2.693939393939394122e+01,-4.000000000000000000e+01
-1.000000000000000000e+00,6.388484848484846168e+01,-2.790928205291698561e+01,-4.000000000000000000e+01
-1.000000000000000000e+00,6.393633775334959779e+01,-2.847878787878787321e+01,-4.000000000000000000e+01
-1.000000000000000000e+00,6.404785220547358904e+01,-3.001818181818181230e+01,-4.000000000000000000e+01
-1.000000000000000000e+00,6.412960613201768467e+01,-3.155757575757575495e+01,-4.000000000000000000e+01
-1.000000000000000000e+00,6.417982946662796451e+01,-3.309696969696969404e+01,-4.000000000000000000e+01
-1.000000000000000000e+00,6.419647048166442005e+01,-3.463636363636363313e+01,-4.000000000000000000e+01
-1.000000000000000000e+00,6.417711707244525599e+01,-3.617575757575757223e+01,-4.000000000000000000e+01
-1.000000000000000000e+00,6.411890194193905756e+01,-3.771515151515150421e+01,-4.000000000000000000e+01
-1.000000000000000000e+00,6.401838574453888953e+01,-3.925454545454545041e+01,-4.000000000000000000e+01
-1.000000000000000000e+00,6.388484848484846168e+01,-4.065441904350542757e+01,-4.000000000000000000e+01
-1.000000000000000000e+00,6.386952997460136316e+01,-4.079393939393938950e+01,-4.000000000000000000e+01
-1.000000000000000000e+00,6.364310728668598216e+01,-4.233333333333332860e+01,-4.000000000000000000e+01
-1.000000000000000000e+00,6.335049146542232279e+01,-4.387272727272726769e+01,-4.000000000000000000e+01
-1.000000000000000000e+00,6.298275045829647212e+01,-4.541212121212120678e+01,-4.000000000000000000e+01
-1.000000000000000000e+00,6.252872113423816813e+01,-4.695151515151514587e+01,-4.000000000000000000e+01
-1.000000000000000000e+00,6.234545454545453680e+01,-4.746954261388165719e+01,-4.000000000000000000e+01
-1.000000000000000000e+00,6.191481383923188986e+01,-4.849090909090908497e+01,-4.000000000000000000e+01
-1.000000000000000000e+00,6.113302090206912709e+01,-5.003030303030302406e+01,-4.000000000000000000e+01
-1.000000000000000000e+00,6.080606060606058350e+01,-5.057413758658501735e+01,-4.000000000000000000e+01
-1.000000000000000000e+00,6.007005868741861576e+01,-5.156969696969696315e+01,-4.000000000000000000e+01
-1.000000000000000000e+00,5.926666666666665861e+01,-5.249106240001403023e+01,-4.000000000000000000e+01
-1.000000000000000000e+00,5.858095909801348711e+01,-5.310909090909089514e+01,-4.000000000000000000e+01
-1.000000000000000000e+00,5.772727272727271242e+01,-5.377356681990431042e+01,-4.000000000000000000e+01
-1.000000000000000000e+00,5.622686768064318130e+01,-5.464848484848484134e+01,-4.000000000000000000e+01
-1.000000000000000000e+00,5.618787878787878753e+01,-5.466843175196410698e+01,-4.000000000000000000e+01
-1.000000000000000000e+00,5.464848484848483423e+01,-5.524114717388604845e+01,-4.000000000000000000e+01
-1.000000000000000000e+00,5.310909090909090935e+01,-5.561072219433214769e+01,-4.000000000000000000e+01
-1.000000000000000000e+00,5.156969696969696315e+01,-5.580365666733987240e+01,-4.000000000000000000e+01
-1.000000000000000000e+00,5.003030303030300985e+01,-5.583878991216676013e+01,-4.000000000000000000e+01
-1.000000000000000000e+00,4.849090909090908497e+01,-5.572920564805050958e+01,-4.000000000000000000e+01
-1.000000000000000000e+00,4.695151515151514587e+01,-5.548349251727661624e+01,-4.000000000000000000e+01
-1.000000000000000000e+00,4.541212121212120678e+01,-5.510657586479688064e+01,-4.000000000000000000e+01
-1.000000000000000000e+00,-5.310909090909089514e+01,-6.545398968404995799e+01,-4.000000000000000000e+01
-1.000000000000000000e+00,-5.323358004115578979e+01,-6.542424242424240788e+01,-4.000000000000000000e+01
-1.000000000000000000e+00,-5.464848484848484134e+01,-6.503518755622170033e+01,-4.000000000000000000e+01
-1.000000000000000000e+00,-5.618787878787878043e+01,-6.441534953049176693e+01,-4.000000000000000000e+01
-1.000000000000000000e+00,-5.715922282406750554e+01,-6.388484848484847589e+01,-4.000000000000000000e+01
-1.000000000000000000e+00,-5.772727272727272663e+01,-6.351795556404210430e+01,-4.000000000000000000e+01
-1.000000000000000000e+00,-5.912338696511076819e+01,-6.234545454545454390e+01,-4.000000000000000000e+01
-1.000000000000000000e+00,-5.926666666666665151e+01,-6.219941607544362938e+01,-4.000000000000000000e+01
-1.000000000000000000e+00,-6.035602517700343128e+01,-6.080606060606059771e+01,-4.000000000000000000e+01
-1.000000000000000000e+00,-6.080606060606059771e+01,-6.008426297593327092e+01,-4.000000000000000000e+01
-1.000000000000000000e+00,-6.122383489850189164e+01,-5.926666666666665861e+01,-4.000000000000000000e+01
-1.000000000000000000e+00,-6.183248582603914656e+01,-5.772727272727272663e+01,-4.000000000000000000e+01
-1.000000000000000000e+00,-6.227975745988197076e+01,-5.618787878787878043e+01,-4.000000000000000000e+01
-1.000000000000000000e+00,-6.234545454545454390e+01,-5.585595933851938355e+01,-4.000000000000000000e+01
-1.000000000000000000e+00,-6.254719203338567013e+01,-5.464848484848484134e+01,-4.000000000000000000e+01
-1.000000000000000000e+00,-6.269283379813619916e+01,-5.310909090909089514e+01,-4.000000000000000000e+01
-1.000000000000000000e+00,-6.273437080019473910e+01,-5.156969696969696315e+01,-4.000000000000000000e+01
-1.000000000000000000e+00,-6.267671464803879644e+01,-5.003030303030302406e+01,-4.000000000000000000e+01
-1.000000000000000000e+00,-6.252230072386119275e+01,-4.849090909090908497e+01,-4.000000000000000000e+01
-1.000000000000000000e+00,-6.234545454545453680e+01,-4.740128968310207824e+01,-4.000000000000000000e+01
-1.000000000000000000e+00,-6.225724241106693313e+01,-4.695151515151514587e+01,-4.000000000000000000e+01
-1.000000000000000000e+00,-6.184035060863809719e+01,-4.541212121212120678e+01,-4.000000000000000000e+01
-1.000000000000000000e+00,-6.129919346565026927e+01,-4.387272727272726769e+01,-4.000000000000000000e+01
-1.000000000000000000e+00,-6.080606060606059771e+01,-4.273745662163815240e+01,-4.000000000000000000e+01
-1.000000000000000000e+00,-6.058315555317467727e+01,-4.233333333333332860e+01,-4.000000000000000000e+01
-1.000000000000000000e+00,-5.956994233741683331e+01,-4.079393939393939661e+01,-4.000000000000000000e+01
-1.000000000000000000e+00,-5.926666666666665861e+01,-4.039892764871766673e+01,-4.000000000000000000e+01
-1.000000000000000000e+00,-5.807684627363584440e+01,-3.925454545454545041e+01,-4.000000000000000000e+01
-1.000000000000000000e+00,-5.772727272727272663e+01,-3.896005329842358123e+01,-4.000000000000000000e+01
-1.000000000000000000e+00,-5.618787878787878043e+01,-3.807485085170755212e+01,-4.000000000000000000e+01
-1.000000000000000000e+00,-5.511021332931784400e+01,-3.771515151515151132e+01,-4.000000000000000000e+01
-1.000000000000000000e+00,-5.464848484848484134e+01,-3.757574192564525362e+01,-4.000000000000000000e+01
-1.000000000000000000e+00,-5.310909090909089514e+01,-3.739714355919822708e+01,-4.000000000000000000e+01
-1.000000000000000000e+00,-5.156969696969696315e+01,-3.747613215893382232e+01,-4.000000000000000000e+01
-1.000000000000000000e+00,-5.038374367922225616e+01,-3.771515151515151132e+01,-4.000000000000000000e+01
-1.000000000000000000e+00,-5.003030303030302406e+01,-3.779052140937308479e+01,-4.000000000000000000e+01
-1.000000000000000000e+00,-4.849090909090908497e+01,-3.834705850446514575e+01,-4.000000000000000000e+01
-1.000000000000000000e+00,-4.695151515151514587e+01,-3.911414784211987694e+01,-4.000000000000000000e+01
-1.000000000000000000e+00,-4.672813745120967610e+01,-3.925454545454545041e+01,-4.000000000000000000e+01
-1.000000000000000000e+00,-4.541212121212120678e+01,-4.014752256948948883e+01,-4.000000000000000000e+01
-1.000000000000000000e+00,-4.461649380890063554e+01,-4.079393939393938950e+01,-4.000000000000000000e+01
-1.000000000000000000e+00,-4.387272727272726769e+01,-4.145584389298581129e+01,-4.000000000000000000e+01
-1.000000000000000000e+00,-4.301985401437062251e+01,-4.233333333333333570e+01,-4.000000000000000000e+01
-1.000000000000000000e+00,-4.233333333333332860e+01,-4.311957801263790913e+01,-4.000000000000000000e+01
-1.000000000000000000e+00,-4.174911487244731489e+01,-4.387272727272726769e+01,-4.000000000000000000e+01
-1.000000000000000000e+00,-4.079393939393938950e+01,-4.526876821422299457e+01,-4.000000000000000000e+01
-1.000000000000000000e+00,-4.070491485911801988e+01,-4.541212121212120678e+01,-4.000000000000000000e+01
-1.000000000000000000e+00,-3.987965669503577715e+01,-4.695151515151514587e+01,-4.000000000000000000e+01
-1.000000000000000000e+00,-3.925454545454545041e+01,-4.834446350622953048e+01,-4.000000000000000000e+01
-1.000000000000000000e+00,-3.919369506537211123e+01,-4.849090909090908497e+01,-4.000000000000000000e+01
-1.000000000000000000e+00,-3.868351201527173089e+01,-5.003030303030302406e+01,-4.000000000000000000e+01
-1.000000000000000000e+00,-3.830619148563246767e+01,-5.156969696969696315e+01,-4.000000000000000000e+01
-1.000000000000000000e+00,-3.806930377796485487e+01,-5.310909090909089514e+01,-4.000000000000000000e+01
-1.000000000000000000e+00,-3.798421445149590880e+01,-5.464848484848484134e+01,-4.000000000000000000e+01
-1.000000000000000000e+00,-3.806720188483171086e+01,-5.618787878787878043e+01,-4.000000000000000000e+01
-1.000000000000000000e+00,-3.834111185699268276e+01,-5.772727272727272663e+01,-4.000000000000000000e+01
-1.000000000000000000e+00,-3.883785297629281530e+01,-5.926666666666665861e+01,-4.000000000000000000e+01
-1.000000000000000000e+00,-3.925454545454544331e+01,-6.012264146047102287e+01,-4.000000000000000000e+01
-1.000000000000000000e+00,-3.963711495238224103e+01,-6.080606060606059771e+01,-4.000000000000000000e+01
-1.000000000000000000e+00,-4.079393939393938950e+01,-6.228125880728131136e+01,-4.000000000000000000e+01
-1.000000000000000000e+00,-4.085401953005210629e+01,-6.234545454545453680e+01,-4.000000000000000000e+01
-1.000000000000000000e+00,-4.233333333333332860e+01,-6.355459668361555714e+01,-4.000000000000000000e+01
-1.000000000000000000e+00,-4.284081490222335020e+01,-6.388484848484847589e+01,-4.000000000000000000e+01
-1.000000000000000000e+00,-4.387272727272726769e+01,-6.442247133939027037e+01,-4.000000000000000000e+01
-1.000000000000000000e+00,-4.541212121212120678e+01,-6.502951658715048211e+01,-4.000000000000000000e+01
-1.000000000000000000e+00,-4.685319596520260887e+01,-6.542424242424240788e+01,-4.000000000000000000e+01
-1.000000000000000000e+00,-4.695151515151514587e+01,-6.544671758202511569e+01,-4.000000000000000000e+01
-1.000000000000000000e+00,-4.849090909090908497e+01,-6.566158505402165702e+01,-4.000000000000000000e+01
-1.000000000000000000e+00,-5.003030303030302406e+01,-6.573474593410938382e+01,-4.000000000000000000e+01
-1.000000000000000000e+00,-5.156969696969696315e+01,-6.566698008207228554e+01,-4.000000000000000000e+01
-1.000000000000000000e+00,-5.310909090909089514e+01,-6.545398968404995799e+01,-4.000000000000000000e+01
-1.000000000000000000e+00,4.233333333333332149e+01,-6.107666682131647207e+01,-4.000000000000000000e+01
-1.000000000000000000e+00,4.138848136744245210e+01,-6.080606060606059060e+01,-4.000000000000000000e+01
-1.000000000000000000e+00,4.079393939393938240e+01,-6.061872817135520108e+01,-4.000000000000000000e+01
-1.000000000000000000e+00,3.925454545454544331e+01,-6.005650918205782318e+01,-4.000000000000000000e+01
-1.000000000000000000e+00,3.771515151515150421e+01,-5.940507700217538911e+01,-4.000000000000000000e+01
-1.000000000000000000e+00,3.742285965429191208e+01,-5.926666666666665861e+01,-4.000000000000000000e+01
-1.000000000000000000e+00,3.617575757575757223e+01,-5.860819819054292168e+01,-4.000000000000000000e+01
-1.000000000000000000e+00,3.470328287149238378e+01,-5.772727272727272663e+01,-4.000000000000000000e+01
-1.000000000000000000e+00,3.463636363636363313e+01,-5.768234902299404609e+01,-4.000000000000000000e+01
-1.000000000000000000e+00,3.309696969696969404e+01,-5.654680888836850983e+01,-4.000000000000000000e+01
-1.000000000000000000e+00,3.265468358571221330e+01,-5.618787878787878043e+01,-4.000000000000000000e+01
-1.000000000000000000e+00,3.155757575757575495e+01,-5.517896422768592402e+01,-4.000000000000000000e+01
-1.000000000000000000e+00,3.102607907077766569e+01,-5.464848484848484134e+01,-4.000000000000000000e+01
-1.000000000000000000e+00,3.001818181818181941e+01,-5.350116452796538624e+01,-4.000000000000000000e+01
-1.000000000000000000e+00,2.969650900962864881e+01,-5.310909090909089514e+01,-4.000000000000000000e+01
-1.000000000000000000e+00,2.859219724237184579e+01,-5.156969696969696315e+01,-4.000000000000000000e+01
-1.000000000000000000e+00,2.847878787878786611e+01,-5.138943457361011724e+01,-4.000000000000000000e+01
-1.000000000000000000e+00,2.766670606211907213e+01,-5.003030303030302406e+01,-4.000000000000000000e+01
-1.000000000000000000e+00,2.693939393939393057e+01,-4.861882511985274391e+01,-4.000000000000000000e+01
-1.000000000000000000e+00,2.687612459050430047e+01,-4.849090909090908497e+01,-4.000000000000000000e+01
-1.000000000000000000e+00,2.620511490193188564e+01,-4.695151515151514587e+01,-4.000000000000000000e+01
-1.000000000000000000e+00,2.562696507644749033e+01,-4.541212121212120678e+01,-4.000000000000000000e+01
-1.000000000000000000e+00,2.539999999999999147e+01,-4.471718658949681924e+01,-4.000000000000000000e+01
-1.000000000000000000e+00,2.513103193529363466e+01,-4.387272727272726769e+01,-4.000000000000000000e+01
-1.000000000000000000e+00,2.470616697989727584e+01,-4.233333333333332860e+01,-4.000000000000000000e+01
-1.000000000000000000e+00,2.434184712405293993e+01,-4.079393939393938950e+01,-4.000000000000000000e+01
-1.000000000000000000e+00,2.403115159086653563e+01,-3.925454545454545041e+01,-4.000000000000000000e+01
-1.000000000000000000e+00,2.386060606060605593e+01,-3.825700607391927122e+01,-4.000000000000000000e+01
-1.000000000000000000e+00,2.376891915408281974e+01,-3.771515151515151132e+01,-4.000000000000000000e+01
-1.000000000000000000e+00,2.355089189660145976e+01,-3.617575757575757223e+01,-4.000000000000000000e+01
-1.000000000000000000e+00,2.337235704762320410e+01,-3.463636363636363313e+01,-4.000000000000000000e+01
-1.000000000000000000e+00,2.323006169741034554e+01,-3.309696969696969404e+01,-4.000000000000000000e+01
-1.000000000000000000e+00,2.312128453876502476e+01,-3.155757575757575495e+01,-4.000000000000000000e+01
-1.000000000000000000e+00,2.304373623188226361e+01,-3.001818181818181230e+01,-4.000000000000000000e+01
-1.000000000000000000e+00,2.299547810316726171e+01,-2.847878787878787321e+01,-4.000000000000000000e+01
-1.000000000000000000e+00,2.297485442159483071e+01,-2.693939393939393767e+01,-4.000000000000000000e+01
-1.000000000000000000e+00,2.298043464045869300e+01,-2.539999999999999858e+01,-4.000000000000000000e+01
-1.000000000000000000e+00,2.301096281163142976e+01,-2.386060606060606304e+01,-4.000000000000000000e+01
-1.000000000000000000e+00,2.306531197543271006e+01,-2.232121212121211684e+01,-4.000000000000000000e+01
-1.000000000000000000e+00,2.314244177279810444e+01,-2.078181818181817775e+01,-4.000000000000000000e+01
-1.000000000000000000e+00,2.324135786894638045e+01,-1.924242424242424221e+01,-4.000000000000000000e+01
-1.000000000000000000e+00,2.336107205806660048e+01,-1.770303030303030312e+01,-4.000000000000000000e+01
-1.000000000000000000e+00,2.350056216795151087e+01,-1.616363636363636047e+01,-4.000000000000000000e+01
-1.000000000000000000e+00,2.365873112865807926e+01,-1.462424242424242138e+01,-4.000000000000000000e+01
-1.000000000000000000e+00,2.383436483406175199e+01,-1.308484848484849117e+01,-4.000000000000000000e+01
-1.000000000000000000e+00,2.386060606060605593e+01,-1.287098173131119694e+01,-4.000000000000000000e+01
-1.000000000000000000e+00,2.402904978089387100e+01,-1.154545454545453964e+01,-4.000000000000000000e+01
-1.000000000000000000e+00,2.423926322630768126e+01,-1.000606060606060232e+01,-4.000000000000000000e+01
-1.000000000000000000e+00,2.446271742505516755e+01,-8.466666666666663232e+00,-4.000000000000000000e+01
-1.000000000000000000e+00,2.469726253032266428e+01,-6.927272727272725916e+00,-4.000000000000000000e+01
-1.000000000000000000e+00,2.494039357986819994e+01,-5.387878787878788600e+00,-4.000000000000000000e+01
-1.000000000000000000e+00,2.518921214527900787e+01,-3.848484848484851284e+00,-4.000000000000000000e+01
-1.000000000000000000e+00,2.539999999999999147e+01,-2.553163005037875077e+00,-4.000000000000000000e+01
-1.000000000000000000e+00,2.544155114381687710e+01,-2.309090909090913524e+00,-4.000000000000000000e+01
-1.000000000000000000e+00,2.569864537939805871e+01,-7.696969696969757635e-01,-4.000000000000000000e+01
-1.000000000000000000e+00,2.595034554051403219e+01,7.696969696969618857e-01,-4.000000000000000000e+01
-1.000000000000000000e+00,2.619448283473741768e+01,2.309090909090913524e+00,-4.000000000000000000e+01
-1.000000000000000000e+00,2.643137749907421608e+01,3.848484848484851284e+00,-4.000000000000000000e+01
-1.000000000000000000e+00,2.666166026869647609e+01,5.387878787878788600e+00,-4.000000000000000000e+01
-1.000000000000000000e+00,2.688616540355806706e+01,6.927272727272725916e+00,-4.000000000000000000e+01
-1.000000000000000000e+00,2.693939393939393057e+01,7.302846878487349258e+00,-4.000000000000000000e+01
-1.000000000000000000e+00,2.711226644421446963e+01,8.466666666666663232e+00,-4.000000000000000000e+01
-1.000000000000000000e+00,2.733676699660345832e+01,1.000606060606060232e+01,-4.000000000000000000e+01
-1.000000000000000000e+00,2.755905869361079041e+01,1.154545454545453964e+01,-4.000000000000000000e+01
-1.000000000000000000e+00,2.778073396712634491e+01,1.308484848484847696e+01,-4.000000000000000000e+01
-1.000000000000000000e+00,2.800355847469009873e+01,1.462424242424241427e+01,-4.000000000000000000e+01
-1.000000000000000000e+00,2.822946464013865508e+01,1.616363636363636758e+01,-4.000000000000000000e+01
-1.000000000000000000e+00,2.846054831066616231e+01,1.770303030303030312e+01,-4.000000000000000000e+01
-1.000000000000000000e+00,2.847878787878786611e+01,1.782133629856683044e+01,-4.000000000000000000e+01
-1.000000000000000000e+00,2.870904014970913209e+01,1.924242424242424221e+01,-4.000000000000000000e+01
-1.000000000000000000e+00,2.896853825345079869e+01,2.078181818181817775e+01,-4.000000000000000000e+01
-1.000000000000000000e+00,2.924090748226263869e+01,2.232121212121211684e+01,-4.000000000000000000e+01
-1.000000000000000000e+00,2.952905216828901658e+01,2.386060606060605593e+01,-4.000000000000000000e+01
-1.000000000000000000e+00,2.983611404974719861e+01,2.539999999999999147e+01,-4.000000000000000000e+01
-1.000000000000000000e+00,3.001818181818181941e+01,2.625312668003749295e+01,-4.000000000000000000e+01
-1.000000000000000000e+00,3.017321889111229538e+01,2.693939393939393057e+01,-4.000000000000000000e+01
-1.000000000000000000e+00,3.054707690839890333e+01,2.847878787878786611e+01,-4.000000000000000000e+01
-1.000000000000000000e+00,3.095238899238638552e+01,3.001818181818181941e+01,-4.000000000000000000e+01
-1.000000000000000000e+00,3.139395327970828120e+01,3.155757575757575495e+01,-4.000000000000000000e+01
-1.000000000000000000e+00,3.155757575757575495e+01,3.208190833914824225e+01,-4.000000000000000000e+01
-1.000000000000000000e+00,3.189653838186195500e+01,3.309696969696969404e+01,-4.000000000000000000e+01
-1.000000000000000000e+00,3.245933326716738776e+01,3.463636363636363313e+01,-4.000000000000000000e+01
-1.000000000000000000e+00,3.307978429546204779e+01,3.617575757575757223e+01,-4.000000000000000000e+01
-1.000000000000000000e+00,3.309696969696969404e+01,3.621477037936024601e+01,-4.000000000000000000e+01
-1.000000000000000000e+00,3.381400803935726174e+01,3.771515151515150421e+01,-4.000000000000000000e+01
-1.000000000000000000e+00,3.463066714389099587e+01,3.925454545454544331e+01,-4.000000000000000000e+01
-1.000000000000000000e+00,3.463636363636363313e+01,3.926433529158735780e+01,-4.000000000000000000e+01
-1.000000000000000000e+00,3.561742810585613483e+01,4.079393939393938240e+01,-4.000000000000000000e+01
-1.000000000000000000e+00,3.617575757575757223e+01,4.157889511028403717e+01,-4.000000000000000000e+01
-1.000000000000000000e+00,3.677773310832490949e+01,4.233333333333332149e+01,-4.000000000000000000e+01
-1.000000000000000000e+00,3.771515151515150421e+01,4.339522013272274137e+01,-4.000000000000000000e+01
-1.000000000000000000e+00,3.819857465500594174e+01,4.387272727272727479e+01,-4.000000000000000000e+01
-1.000000000000000000e+00,3.925454545454544331e+01,4.481815484469414912e+01,-4.000000000000000000e+01
-1.000000000000000000e+00,4.003760257493811991e+01,4.541212121212120678e+01,-4.000000000000000000e+01
-1.000000000000000000e+00,4.079393939393938240e+01,4.593381870774958031e+01,-4.000000000000000000e+01
-1.000000000000000000e+00,4.233333333333332149e+01,4.680069306260470086e+01,-4.000000000000000000e+01
-1.000000000000000000e+00,4.267790254260843597e+01,4.695151515151514587e+01,-4.000000000000000000e+01
-1.000000000000000000e+00,4.387272727272727479e+01,4.743028268298864703e+01,-4.000000000000000000e+01
-1.000000000000000000e+00,4.541212121212120678e+01,4.786607917280264957e+01,-4.000000000000000000e+01
-1.000000000000000000e+00,4.695151515151515298e+01,4.811805259726662598e+01,-4.000000000000000000e+01
-1.000000000000000000e+00,4.849090909090908497e+01,4.818089830289842723e+01,-4.000000000000000000e+01
-1.000000000000000000e+00,5.003030303030300274e+01,4.804457287017193323e+01,-4.000000000000000000e+01
-1.000000000000000000e+00,5.156969696969696315e+01,4.769338647869307835e+01,-4.000000000000000000e+01
-1.000000000000000000e+00,5.310909090909090935e+01,4.710462346251208032e+01,-4.000000000000000000e+01
-1.000000000000000000e+00,5.338848140492580541e+01,4.695151515151514587e+01,-4.000000000000000000e+01
-1.000000000000000000e+00,5.464848484848483423e+01,4.618588737126169974e+01,-4.000000000000000000e+01
-1.000000000000000000e+00,5.559398394207754990e+01,4.541212121212120678e+01,-4.000000000000000000e+01
-1.000000000000000000e+00,5.618787878787878753e+01,4.486789036808833231e+01,-4.000000000000000000e+01
-1.000000000000000000e+00,5.703700058834314035e+01,4.387272727272727479e+01,-4.000000000000000000e+01
-1.000000000000000000e+00,5.772727272727271242e+01,4.295716714511294043e+01,-4.000000000000000000e+01
-1.000000000000000000e+00,5.810840413411014538e+01,4.233333333333332149e+01,-4.000000000000000000e+01
-1.000000000000000000e+00,5.893787094569238860e+01,4.079393939393938240e+01,-4.000000000000000000e+01
-1.000000000000000000e+00,5.926666666666665861e+01,4.010088719948347347e+01,-4.000000000000000000e+01
-1.000000000000000000e+00,5.960168850715962208e+01,3.925454545454544331e+01,-4.000000000000000000e+01
-1.000000000000000000e+00,6.013869869884990038e+01,3.771515151515150421e+01,-4.000000000000000000e+01
-1.000000000000000000e+00,6.060837305708690792e+01,3.617575757575757223e+01,-4.000000000000000000e+01
-1.000000000000000000e+00,6.080606060606058350e+01,3.544264604455993606e+01,-4.000000000000000000e+01
-1.000000000000000000e+00,6.099197687407849600e+01,3.463636363636363313e+01,-4.000000000000000000e+01
-1.000000000000000000e+00,6.130654520420222298e+01,3.309696969696969404e+01,-4.000000000000000000e+01
-1.000000000000000000e+00,6.158422525015748050e+01,3.155757575757575495e+01,-4.000000000000000000e+01
-1.000000000000000000e+00,6.183044477354778223e+01,3.001818181818181941e+01,-4.000000000000000000e+01
-1.000000000000000000e+00,6.205007823656262644e+01,2.847878787878786611e+01,-4.000000000000000000e+01
-1.000000000000000000e+00,6.224755344123417444e+01,2.693939393939393057e+01,-4.000000000000000000e+01
-1.000000000000000000e+00,6.234545454545453680e+01,2.610262586762161519e+01,-4.000000000000000000e+01
-1.000000000000000000e+00,6.241734517524434267e+01,2.539999999999999147e+01,-4.000000000000000000e+01
-1.000000000000000000e+00,6.256304911310368766e+01,2.386060606060605593e+01,-4.000000000000000000e+01
-1.000000000000000000e+00,6.269930816254823469e+01,2.232121212121211684e+01,-4.000000000000000000e+01
-1.000000000000000000e+00,6.282903311790455092e+01,2.078181818181817775e+01,-4.000000000000000000e+01
-1.000000000000000000e+00,6.295498177523595018e+01,1.924242424242424221e+01,-4.000000000000000000e+01
-1.000000000000000000e+00,6.307977622506688675e+01,1.770303030303030312e+01,-4.000000000000000000e+01
-1.000000000000000000e+00,6.320591332663981632e+01,1.616363636363636758e+01,-4.000000000000000000e+01
-1.000000000000000000e+00,6.333576920510755315e+01,1.462424242424241427e+01,-4.000000000000000000e+01
-1.000000000000000000e+00,6.347159851126804853e+01,1.308484848484847518e+01,-4.000000000000000000e+01
-1.000000000000000000e+00,6.361552913752962723e+01,1.154545454545453964e+01,-4.000000000000000000e+01
-1.000000000000000000e+00,6.376955308103828202e+01,1.000606060606060232e+01,-4.000000000000000000e+01
-1.000000000000000000e+00,6.388484848484846168e+01,8.939325116167927021e+00,-4.000000000000000000e+01
-1.000000000000000000e+00,6.393008232432867288e+01,8.466666666666663232e+00,-4.000000000000000000e+01
-1.000000000000000000e+00,6.409038456393007266e+01,6.927272727272725916e+00,-4.000000000000000000e+01
-1.000000000000000000e+00,6.426412399144545873e+01,5.387878787878788600e+00,-4.000000000000000000e+01
-1.000000000000000000e+00,6.445242963731638497e+01,3.848484848484851284e+00,-4.000000000000000000e+01
-1.000000000000000000e+00,6.465623419373243053e+01,2.309090909090913524e+00,-4.000000000000000000e+01
-1.000000000000000000e+00,6.487626027267914708e+01,7.696969696969618857e-01,-4.000000000000000000e+01
-1.000000000000000000e+00,6.511291004435831553e+01,-7.696969696969757635e-01,-4.000000000000000000e+01
-1.000000000000000000e+00,6.536415702027473174e+01,-2.309090909090913080e+00,-4.000000000000000000e+01
-1.000000000000000000e+00,6.542424242424240788e+01,-2.658441792998589737e+00,-4.000000000000000000e+01
-1.000000000000000000e+00,6.560538222193970626e+01,-3.848484848484851284e+00,-4.000000000000000000e+01
-1.000000000000000000e+00,6.584622321721550975e+01,-5.387878787878788600e+00,-4.000000000000000000e+01
-1.000000000000000000e+00,6.608958117323788883e+01,-6.927272727272725916e+00,-4.000000000000000000e+01
-1.000000000000000000e+00,6.633261706205074404e+01,-8.466666666666663232e+00,-4.000000000000000000e+01
-1.000000000000000000e+00,6.657282510949525545e+01,-1.000606060606060232e+01,-4.000000000000000000e+01
-1.000000000000000000e+00,6.680801332662358050e+01,-1.154545454545453964e+01,-4.000000000000000000e+01
-1.000000000000000000e+00,6.696363636363636829e+01,-1.258954882740407832e+01,-4.000000000000000000e+01
-1.000000000000000000e+00,6.702920158387716754e+01,-1.308484848484849117e+01,-4.000000000000000000e+01
-1.000000000000000000e+00,6.722736747601942398e+01,-1.462424242424242138e+01,-4.000000000000000000e+01
-1.000000000000000000e+00,6.741633035979171495e+01,-1.616363636363636047e+01,-4.000000000000000000e+01
-1.000000000000000000e+00,6.759499411042220629e+01,-1.770303030303030312e+01,-4.000000000000000000e+01
-1.000000000000000000e+00,6.776240752788021382e+01,-1.924242424242424221e+01,-4.000000000000000000e+01
-1.000000000000000000e+00,6.791773378121825999e+01,-2.078181818181817775e+01,-4.000000000000000000e+01
-1.000000000000000000e+00,6.806022082381787186e+01,-2.232121212121211684e+01,-4.000000000000000000e+01
-1.000000000000000000e+00,6.818917278739047561e+01,-2.386060606060606304e+01,-4.000000000000000000e+01
-1.000000000000000000e+00,6.830392215496706854e+01,-2.539999999999999858e+01,-4.000000000000000000e+01
-1.000000000000000000e+00,6.840380233299828205e+01,-2.693939393939393767e+01,-4.000000000000000000e+01
-1.000000000000000000e+00,6.848812007553731007e+01,-2.847878787878787321e+01,-4.000000000000000000e+01
-1.000000000000000000e+00,6.850303030303028606e+01,-2.881481872867722061e+01,-4.000000000000000000e+01
-1.000000000000000000e+00,6.855105869996185675e+01,-3.001818181818181230e+01,-4.000000000000000000e+01
-1.000000000000000000e+00,6.859703011372847925e+01,-3.155757575757575495e+01,-4.000000000000000000e+01
-1.000000000000000000e+00,6.862661016499133382e+01,-3.309696969696969404e+01,-4.000000000000000000e+01
-1.000000000000000000e+00,6.863881661179431148e+01,-3.463636363636363313e+01,-4.000000000000000000e+01
-1.000000000000000000e+00,6.863248799035234526e+01,-3.617575757575757223e+01,-4.000000000000000000e+01
-1.000000000000000000e+00,6.860623677969920209e+01,-3.771515151515151132e+01,-4.000000000000000000e+01
-1.000000000000000000e+00,6.855839199228812220e+01,-3.925454545454545041e+01,-4.000000000000000000e+01
-1.000000000000000000e+00,6.850303030303028606e+01,-4.044930575824366770e+01,-4.000000000000000000e+01
-1.000000000000000000e+00,6.848518089524445429e+01,-4.079393939393938950e+01,-4.000000000000000000e+01
-1.000000000000000000e+00,6.837699460827100495e+01,-4.233333333333332860e+01,-4.000000000000000000e+01
-1.000000000000000000e+00,6.823640674698749820e+01,-4.387272727272726058e+01,-4.000000000000000000e+01
-1.000000000000000000e+00,6.805919840485526606e+01,-4.541212121212120678e+01,-4.000000000000000000e+01
-1.000000000000000000e+00,6.784009997622632682e+01,-4.695151515151514587e+01,-4.000000000000000000e+01
-1.000000000000000000e+00,6.757246340261052353e+01,-4.849090909090908497e+01,-4.000000000000000000e+01
-1.000000000000000000e+00,6.724780415847364168e+01,-5.003030303030302406e+01,-4.000000000000000000e+01
-1.000000000000000000e+00,6.696363636363636829e+01,-5.115483980713187862e+01,-4.000000000000000000e+01
-1.000000000000000000e+00,6.684203982935234478e+01,-5.156969696969696315e+01,-4.000000000000000000e+01
-1.000000000000000000e+00,6.630918332896807499e+01,-5.310909090909089514e+01,-4.000000000000000000e+01
-1.000000000000000000e+00,6.566149793952317282e+01,-5.464848484848484134e+01,-4.000000000000000000e+01
-1.000000000000000000e+00,6.542424242424240788e+01,-5.512705199053755223e+01,-4.000000000000000000e+01
-1.000000000000000000e+00,6.479434778097176206e+01,-5.618787878787878043e+01,-4.000000000000000000e+01
-1.000000000000000000e+00,6.388484848484846168e+01,-5.746045689571761983e+01,-4.000000000000000000e+01
-1.000000000000000000e+00,6.365107165085984064e+01,-5.772727272727272663e+01,-4.000000000000000000e+01
-1.000000000000000000e+00,6.234545454545453680e+01,-5.899368186428416294e+01,-4.000000000000000000e+01
-1.000000000000000000e+00,6.199007269319540114e+01,-5.926666666666666572e+01,-4.000000000000000000e+01
-1.000000000000000000e+00,6.080606060606058350e+01,-6.005418243165581771e+01,-4.000000000000000000e+01
-1.000000000000000000e+00,5.932166826580555608e+01,-6.080606060606059771e+01,-4.000000000000000000e+01
-1.000000000000000000e+00,5.926666666666665861e+01,-6.083056742786440907e+01,-4.000000000000000000e+01
-1.000000000000000000e+00,5.772727272727271242e+01,-6.136418761314280346e+01,-4.000000000000000000e+01
-1.000000000000000000e+00,5.618787878787878753e+01,-6.174974515228468164e+01,-4.000000000000000000e+01
-1.000000000000000000e+00,5.464848484848483423e+01,-6.201312733763020191e+01,-4.000000000000000000e+01
-1.000000000000000000e+00,5.310909090909090224e+01,-6.217262674817069978e+01,-4.000000000000000000e+01
-1.000000000000000000e+00,5.156969696969696315e+01,-6.224121100377501392e+01,-4.000000000000000000e+01
-1.000000000000000000e+00,5.003030303030300985e+01,-6.222797245600850857e+01,-4.000000000000000000e+01
-1.000000000000000000e+00,4.849090909090908497e+01,-6.213907258057487581e+01,-4.000000000000000000e+01
-1.000000000000000000e+00,4.695151515151514587e+01,-6.197836223943445333e+01,-4.000000000000000000e+01
-1.000000000000000000e+00,4.541212121212120678e+01,-6.174778518603793742e+01,-4.000000000000000000e+01
-1.000000000000000000e+00,4.387272727272727479e+01,-6.144762960977193700e+01,-4.000000000000000000e+01
-1.000000000000000000e+00,4.233333333333332149e+01,-6.107666682131647207e+01,-4.000000000000000000e+01
1.000000000000000000e+00,-6.735711210808268845e+00,-7.619999999999998863e+01,4.000000000000000000e+01
1.000000000000000000e+00,-6.927272727272725916e+00,-7.484312062856889725e+01,4.000000000000000000e+01
1.000000000000000000e+00,-6.955845339811569161e+00,-7.466060606060605664e+01,4.000000000000000000e+01
1.000000000000000000e+00,-7.226735833362407213e+00,-7.312121212121211045e+01,4.000000000000000000e+01
1.000000000000000000e+00,-7.543950081222869031e+00,-7.158181818181817846e+01,4.000000000000000000e+01
1.000000000000000000e+00,-7.915403546822932235e+00,-7.004242424242423226e+01,4.000000000000000000e+01
1.000000000000000000e+00,-8.351108252860584003e+00,-6.850303030303028606e+01,4.000000000000000000e+01
1.000000000000000000e+00,-8.466666666666663232e+00,-6.813789871563344036e+01,4.000000000000000000e+01
1.000000000000000000e+00,-8.909742653959524361e+00,-6.696363636363635408e+01,4.000000000000000000e+01
1.000000000000000000e+00,-9.598497024284771584e+00,-6.542424242424240788e+01,4.000000000000000000e+01
1.000000000000000000e+00,-1.000606060606060232e+01,-6.464122057513660025e+01,4.000000000000000000e+01
1.000000000000000000e+00,-1.050393401511255043e+01,-6.388484848484847589e+01,4.000000000000000000e+01
1.000000000000000000e+00,-1.154545454545453964e+01,-6.255058528904140758e+01,4.000000000000000000e+01
1.000000000000000000e+00,-1.176126727387056903e+01,-6.234545454545453680e+01,4.000000000000000000e+01
1.000000000000000000e+00,-1.308484848484849117e+01,-6.125288150003313348e+01,4.000000000000000000e+01
1.000000000000000000e+00,-1.389784220266152737e+01,-6.080606060606059060e+01,4.000000000000000000e+01
1.000000000000000000e+00,-1.462424242424242138e+01,-6.045100035678417782e+01,4.000000000000000000e+01
1.000000000000000000e+00,-1.616363636363636047e+01,-5.998480828215270577e+01,4.000000000000000000e+01
1.000000000000000000e+00,-1.770303030303030312e+01,-5.975510284686797746e+01,4.000000000000000000e+01
1.000000000000000000e+00,-1.924242424242424221e+01,-5.969821587739718183e+01,4.000000000000000000e+01
1.000000000000000000e+00,-2.078181818181817775e+01,-5.976995669675721956e+01,4.000000000000000000e+01
1.000000000000000000e+00,-2.232121212121211684e+01,-5.993886031157543215e+01,4.000000000000000000e+01
1.000000000000000000e+00,-2.386060606060606304e+01,-6.018205559468702148e+01,4.000000000000000000e+01
1.000000000000000000e+00,-2.539999999999999858e+01,-6.048264174794829273e+01,4.000000000000000000e+01
1.000000000000000000e+00,-2.683746324396511795e+01,-6.080606060606059771e+01,4.000000000000000000e+01
1.000000000000000000e+00,-2.693939393939393767e+01,-6.082758922921019007e+01,4.000000000000000000e+01
1.000000000000000000e+00,-2.847878787878787321e+01,-6.120050606493161638e+01,4.000000000000000000e+01
1.000000000000000000e+00,-3.001818181818181230e+01,-6.159893766433773266e+01,4.000000000000000000e+01
1.000000000000000000e+00,-3.155757575757575495e+01,-6.201742129327380582e+01,4.000000000000000000e+01
1.000000000000000000e+00,-3.271095631106637569e+01,-6.234545454545453680e+01,4.000000000000000000e+01
1.000000000000000000e+00,-3.309696969696969404e+01,-6.244899061017607522e+01,4.000000000000000000e+01
1.000000000000000000e+00,-3.463636363636363313e+01,-6.288313081569396701e+01,4.000000000000000000e+01
1.000000000000000000e+00,-3.617575757575757223e+01,-6.332591213978544431e+01,4.000000000000000000e+01
1.000000000000000000e+00,-3.771515151515151132e+01,-6.377597311791778623e+01,4.000000000000000000e+01
1.000000000000000000e+00,-3.807708489987161471e+01,-6.388484848484847589e+01,4.000000000000000000e+01
1.000000000000000000e+00,-3.925454545454545041e+01,-6.422035827895925308e+01,4.000000000000000000e+01
1.000000000000000000e+00,-4.079393939393938240e+01,-6.466554726243812468e+01,4.000000000000000000e+01
1.000000000000000000e+00,-4.233333333333333570e+01,-6.511543731769710064e+01,4.000000000000000000e+01
1.000000000000000000e+00,-4.337431935930444382e+01,-6.542424242424240788e+01,4.000000000000000000e+01
1.000000000000000000e+00,-4.387272727272726769e+01,-6.556488135014046748e+01,4.000000000000000000e+01
1.000000000000000000e+00,-4.541212121212120678e+01,-6.600737177705241265e+01,4.000000000000000000e+01
1.000000000000000000e+00,-4.695151515151514587e+01,-6.645641088407236907e+01,4.000000000000000000e+01
1.000000000000000000e+00,-4.849090909090908497e+01,-6.691413138739868316e+01,4.000000000000000000e+01
1.000000000000000000e+00,-4.865422828818997658e+01,-6.696363636363635408e+01,4.000000000000000000e+01
1.000000000000000000e+00,-5.003030303030302406e+01,-6.736426826029037329e+01,4.000000000000000000e+01
1.000000000000000000e+00,-5.156969696969696315e+01,-6.782531277330660657e+01,4.000000000000000000e+01
1.000000000000000000e+00,-5.310909090909088803e+01,-6.830371923766229258e+01,4.000000000000000000e+01
1.000000000000000000e+00,-5.372876284329676366e+01,-6.850303030303028606e+01,4.000000000000000000e+01
1.000000000000000000e+00,-5.464848484848484844e+01,-6.879042217206063015e+01,4.000000000000000000e+01
1.000000000000000000e+00,-5.618787878787877332e+01,-6.929522691544103452e+01,4.000000000000000000e+01
1.000000000000000000e+00,-5.772727272727272663e+01,-6.983651238696656094e+01,4.000000000000000000e+01
1.000000000000000000e+00,-5.827898310552889427e+01,-7.004242424242423226e+01,4.000000000000000000e+01
1.000000000000000000e+00,-5.926666666666665861e+01,-7.040711379224801192e+01,4.000000000000000000e+01
1.000000000000000000e+00,-6.080606060606059771e+01,-7.102875752360111505e+01,4.000000000000000000e+01
1.000000000000000000e+00,-6.202773578321895087e+01,-7.158181818181817846e+01,4.000000000000000000e+01
1.000000000000000000e+00,-6.234545454545453680e+01,-7.172680912616300475e+01,4.000000000000000000e+01
1.000000000000000000e+00,-6.388484848484847589e+01,-7.250838258409021364e+01,4.000000000000000000e+01
1.000000000000000000e+00,-6.491553930645278570e+01,-7.312121212121211045e+01,4.000000000000000000e+01
1.000000000000000000e+00,-6.542424242424240788e+01,-7.343505332254495954e+01,4.000000000000000000e+01
1.000000000000000000e+00,-6.696363636363635408e+01,-7.456306614210431860e+01,4.000000000000000000e+01
1.000000000000000000e+00,-6.707735412211579273e+01,-7.466060606060605664e+01,4.000000000000000000e+01
1.000000000000000000e+00,-6.850303030303028606e+01,-7.599423341170640356e+01,4.000000000000000000e+01
1.000000000000000000e+00,-6.868438240954816365e+01,-7.619999999999998863e+01,4.000000000000000000e+01
1.000000000000000000e+00,-6.446198026680197302e+01,7.619999999999998863e+01,4.000000000000000000e+01
1.000000000000000000e+00,-6.388484848484847589e+01,7.611764950360135629e+01,4.000000000000000000e+01
1.000000000000000000e+00,-6.234545454545453680e+01,7.594366072504259080e+01,4.000000000000000000e+01
1.000000000000000000e+00,-6.080606060606059771e+01,7.581128319360550449e+01,4.000000000000000000e+01
1.000000000000000000e+00,-5.926666666666665861e+01,7.570974353982636273e+01,4.000000000000000000e+01
1.000000000000000000e+00,-5.772727272727272663e+01,7.563192318014252180e+01,4.000000000000000000e+01
1.000000000000000000e+00,-5.618787878787878753e+01,7.557296144735769872e+01,4.000000000000000000e+01
1.000000000000000000e+00,-5.464848484848484844e+01,7.552945886119537988e+01,4.000000000000000000e+01
1.000000000000000000e+00,-5.310909090909089514e+01,7.549900076915780289e+01,4.000000000000000000e+01
1.000000000000000000e+00,-5.156969696969696315e+01,7.547986154167615780e+01,4.000000000000000000e+01
1.000000000000000000e+00,-5.003030303030302406e+01,7.547081538465087647e+01,4.000000000000000000e+01
1.000000000000000000e+00,-4.849090909090908497e+01,7.547101279520670403e+01,4.000000000000000000e+01
1.000000000000000000e+00,-4.695151515151514587e+01,7.547989906460894360e+01,4.000000000000000000e+01
1.000000000000000000e+00,-4.541212121212120678e+01,7.549716082775512405e+01,4.000000000000000000e+01
1.000000000000000000e+00,-4.387272727272726769e+01,7.552269219029926717e+01,4.000000000000000000e+01
1.000000000000000000e+00,-4.233333333333332860e+01,7.555657529666009964e+01,4.000000000000000000e+01
1.000000000000000000e+00,-4.079393939393939661e+01,7.559907231456055854e+01,4.000000000000000000e+01
1.000000000000000000e+00,-3.925454545454545041e+01,7.565062724478327993e+01,4.000000000000000000e+01
1.000000000000000000e+00,-3.771515151515151132e+01,7.571187703522130619e+01,4.000000000000000000e+01
1.000000000000000000e+00,-3.617575757575757223e+01,7.578367238927208405e+01,4.000000000000000000e+01
1.000000000000000000e+00,-3.463636363636363313e+01,7.586710956096159464e+01,4.000000000000000000e+01
1.000000000000000000e+00,-3.309696969696969404e+01,7.596357546021341989e+01,4.000000000000000000e+01
1.000000000000000000e+00,-3.155757575757575495e+01,7.607480970689161381e+01,4.000000000000000000e+01
1.000000000000000000e+00,-3.005236331752777090e+01,7.619999999999998863e+01,4.000000000000000000e+01
1.000000000000000000e+00,1.924242424242424221e+01,-2.412885215610161893e+01,4.000000000000000000e+01
1.000000000000000000e+00,2.078181818181817775e+01,-2.446582124849647855e+01,4.000000000000000000e+01
1.000000000000000000e+00,2.232121212121211684e+01,-2.472459018927374075e+01,4.000000000000000000e+01
1.000000000000000000e+00,2.386060606060605593e+01,-2.492203613823520669e+01,4.000000000000000000e+01
1.000000000000000000e+00,2.539999999999999147e+01,-2.507067506479186392e+01,4.000000000000000000e+01
1.000000000000000000e+00,2.693939393939393057e+01,-2.517992946051948167e+01,4.000000000000000000e+01
1.000000000000000000e+00,2.847878787878786611e+01,-2.525697941602964391e+01,4.000000000000000000e+01
1.000000000000000000e+00,3.001818181818181941e+01,-2.530734706967704284e+01,4.000000000000000000e+01
1.000000000000000000e+00,3.155757575757575495e+01,-2.533530568687863749e+01,4.000000000000000000e+01
1.000000000000000000e+00,3.309696969696969404e+01,-2.534417047906832110e+01,4.000000000000000000e+01
1.000000000000000000e+00,3.463636363636363313e+01,-2.533650777332739423e+01,4.000000000000000000e+01
1.000000000000000000e+00,3.617575757575757223e+01,-2.531428647294320555e+01,4.000000000000000000e+01
1.000000000000000000e+00,3.771515151515150421e+01,-2.527898769270054302e+01,4.000000000000000000e+01
1.000000000000000000e+00,3.925454545454544331e+01,-2.523168317797812676e+01,4.000000000000000000e+01
1.000000000000000000e+00,4.079393939393938240e+01,-2.517308954283998546e+01,4.000000000000000000e+01
1.000000000000000000e+00,4.233333333333332149e+01,-2.510360282700517942e+01,4.000000000000000000e+01
1.000000000000000000e+00,4.387272727272727479e+01,-2.502331594700685358e+01,4.000000000000000000e+01
1.000000000000000000e+00,4.541212121212120678e+01,-2.493202000173712207e+01,4.000000000000000000e+01
1.000000000000000000e+00,4.695151515151514587e+01,-2.482918884208300980e+01,4.000000000000000000e+01
1.000000000000000000e+00,4.849090909090908497e+01,-2.471394458476314071e+01,4.000000000000000000e+01
1.000000000000000000e+00,5.003030303030300985e+01,-2.458499954089950279e+01,4.000000000000000000e+01
1.000000000000000000e+00,5.156969696969696315e+01,-2.444056690106809882e+01,4.000000000000000000e+01
1.000000000000000000e+00,5.310909090909090935e+01,-2.427822775680693113e+01,4.000000000000000000e+01
1.000000000000000000e+00,5.464848484848484134e+01,-2.409473440294531699e+01,4.000000000000000000e+01
1.000000000000000000e+00,5.618787878787878753e+01,-2.388571708912835234e+01,4.000000000000000000e+01
1.000000000000000000e+00,5.635378259969539982e+01,-2.386060606060606304e+01,4.000000000000000000e+01
1.000000000000000000e+00,5.772727272727271242e+01,-2.364103903763806969e+01,4.000000000000000000e+01
1.000000000000000000e+00,5.926666666666665861e+01,-2.335541688845984609e+01,4.000000000000000000e+01
1.000000000000000000e+00,6.080606060606058350e+01,-2.301754249395782637e+01,4.000000000000000000e+01
1.000000000000000000e+00,6.234545454545453680e+01,-2.261028979445431730e+01,4.000000000000000000e+01
1.000000000000000000e+00,6.325995935613681809e+01,-2.232121212121211684e+01,4.000000000000000000e+01
1.000000000000000000e+00,6.388484848484846168e+01,-2.210273520611534082e+01,4.000000000000000000e+01
1.000000000000000000e+00,6.542424242424240788e+01,-2.144914489814176051e+01,4.000000000000000000e+01
1.000000000000000000e+00,6.664592582067675153e+01,-2.078181818181817775e+01,4.000000000000000000e+01
1.000000000000000000e+00,6.696363636363636829e+01,-2.058145254109522071e+01,4.000000000000000000e+01
1.000000000000000000e+00,6.850303030303028606e+01,-1.935115694272897358e+01,4.000000000000000000e+01
1.000000000000000000e+00,6.861178127621907663e+01,-1.924242424242424221e+01,4.000000000000000000e+01
1.000000000000000000e+00,6.987527530148742017e+01,-1.770303030303030312e+01,4.000000000000000000e+01
1.000000000000000000e+00,7.004242424242423226e+01,-1.745096391434608307e+01,4.000000000000000000e+01
1.000000000000000000e+00,7.074378289663694375e+01,-1.616363636363636047e+01,4.000000000000000000e+01
1.000000000000000000e+00,7.138913984979359384e+01,-1.462424242424242138e+01,4.000000000000000000e+01
1.000000000000000000e+00,7.158181818181816425e+01,-1.406412996954880512e+01,4.000000000000000000e+01
1.000000000000000000e+00,7.186820945317353448e+01,-1.308484848484849117e+01,4.000000000000000000e+01
1.000000000000000000e+00,7.223590277199421905e+01,-1.154545454545453964e+01,4.000000000000000000e+01
1.000000000000000000e+00,7.252997060262450191e+01,-1.000606060606060232e+01,4.000000000000000000e+01
1.000000000000000000e+00,7.276731177528070305e+01,-8.466666666666663232e+00,4.000000000000000000e+01
1.000000000000000000e+00,7.295962094076337223e+01,-6.927272727272725916e+00,4.000000000000000000e+01
1.000000000000000000e+00,7.311516302916729160e+01,-5.387878787878788600e+00,4.000000000000000000e+01
1.000000000000000000e+00,7.312121212121211045e+01,-5.315790199393174653e+00,4.000000000000000000e+01
1.000000000000000000e+00,7.323209397196153247e+01,-3.848484848484851284e+00,4.000000000000000000e+01
1.000000000000000000e+00,7.332373801010517411e+01,-2.309090909090913524e+00,4.000000000000000000e+01
1.000000000000000000e+00,7.339327896033302068e+01,-7.696969696969757635e-01,4.000000000000000000e+01
1.000000000000000000e+00,7.344259939643892210e+01,7.696969696969618857e-01,4.000000000000000000e+01
1.000000000000000000e+00,7.347357788123024136e+01,2.309090909090913524e+00,4.000000000000000000e+01
1.000000000000000000e+00,7.348812773955610567e+01,3.848484848484850840e+00,4.000000000000000000e+01
1.000000000000000000e+00,7.348755786983701910e+01,5.387878787878788600e+00,4.000000000000000000e+01
1.000000000000000000e+00,7.347267075198880093e+01,6.927272727272725916e+00,4.000000000000000000e+01
1.000000000000000000e+00,7.344384737371142080e+01,8.466666666666663232e+00,4.000000000000000000e+01
1.000000000000000000e+00,7.340109712640838779e+01,1.000606060606060232e+01,4.000000000000000000e+01
1.000000000000000000e+00,7.334408100266027475e+01,1.154545454545453964e+01,4.000000000000000000e+01
1.000000000000000000e+00,7.327211247535377936e+01,1.308484848484847696e+01,4.000000000000000000e+01
1.000000000000000000e+00,7.318413758381693413e+01,1.462424242424241427e+01,4.000000000000000000e+01
1.000000000000000000e+00,7.312121212121211045e+01,1.555502791461635503e+01,4.000000000000000000e+01
1.000000000000000000e+00,7.307601190149330250e+01,1.616363636363636758e+01,4.000000000000000000e+01
1.000000000000000000e+00,7.294349036637332517e+01,1.770303030303030312e+01,4.000000000000000000e+01
1.000000000000000000e+00,7.278807266366057149e+01,1.924242424242424221e+01,4.000000000000000000e+01
1.000000000000000000e+00,7.260651304107237536e+01,2.078181818181817775e+01,4.000000000000000000e+01
1.000000000000000000e+00,7.239467116784126688e+01,2.232121212121211684e+01,4.000000000000000000e+01
1.000000000000000000e+00,7.214725152653313955e+01,2.386060606060605593e+01,4.000000000000000000e+01
1.000000000000000000e+00,7.185743507640221139e+01,2.539999999999999147e+01,4.000000000000000000e+01
1.000000000000000000e+00,7.158181818181816425e+01,2.666010193147862850e+01,4.000000000000000000e+01
1.000000000000000000e+00,7.151290337064436642e+01,2.693939393939393057e+01,4.000000000000000000e+01
1.000000000000000000e+00,7.108904181598451544e+01,2.847878787878786611e+01,4.000000000000000000e+01
1.000000000000000000e+00,7.058589228447976893e+01,3.001818181818181941e+01,4.000000000000000000e+01
1.000000000000000000e+00,7.004242424242423226e+01,3.141740021157150053e+01,4.000000000000000000e+01
1.000000000000000000e+00,6.998030143939664072e+01,3.155757575757575495e+01,4.000000000000000000e+01
1.000000000000000000e+00,6.922115890352081635e+01,3.309696969696969404e+01,4.000000000000000000e+01
1.000000000000000000e+00,6.850303030303028606e+01,3.432030242084420024e+01,4.000000000000000000e+01
1.000000000000000000e+00,6.829014512579587404e+01,3.463636363636363313e+01,4.000000000000000000e+01
1.000000000000000000e+00,6.711848710982626187e+01,3.617575757575757223e+01,4.000000000000000000e+01
1.000000000000000000e+00,6.696363636363636829e+01,3.635816322884386409e+01,4.000000000000000000e+01
1.000000000000000000e+00,6.563837740910400953e+01,3.771515151515150421e+01,4.000000000000000000e+01
1.000000000000000000e+00,6.542424242424240788e+01,3.791437309509896636e+01,4.000000000000000000e+01
1.000000000000000000e+00,6.388484848484846168e+01,3.917247031462647300e+01,4.000000000000000000e+01
1.000000000000000000e+00,6.377219181214832844e+01,3.925454545454544331e+01,4.000000000000000000e+01
1.000000000000000000e+00,6.234545454545453680e+01,4.024025532489219614e+01,4.000000000000000000e+01
1.000000000000000000e+00,6.144136313448517228e+01,4.079393939393938240e+01,4.000000000000000000e+01
1.000000000000000000e+00,6.080606060606058350e+01,4.116988147204266113e+01,4.000000000000000000e+01
1.000000000000000000e+00,5.926666666666665861e+01,4.200428179689651387e+01,4.000000000000000000e+01
1.000000000000000000e+00,5.861012538900065749e+01,4.233333333333332149e+01,4.000000000000000000e+01
1.000000000000000000e+00,5.772727272727271242e+01,4.277170207760447340e+01,4.000000000000000000e+01
1.000000000000000000e+00,5.618787878787878753e+01,4.348649577389274157e+01,4.000000000000000000e+01
1.000000000000000000e+00,5.530618224287288598e+01,4.387272727272727479e+01,4.000000000000000000e+01
1.000000000000000000e+00,5.464848484848483423e+01,4.416382065762034870e+01,4.000000000000000000e+01
1.000000000000000000e+00,5.310909090909090935e+01,4.481680805615881269e+01,4.000000000000000000e+01
1.000000000000000000e+00,5.163563483445163627e+01,4.541212121212120678e+01,4.000000000000000000e+01
1.000000000000000000e+00,5.156969696969696315e+01,4.543948098225556720e+01,4.000000000000000000e+01
1.000000000000000000e+00,5.003030303030300985e+01,4.606312079603313947e+01,4.000000000000000000e+01
1.000000000000000000e+00,4.849090909090908497e+01,4.666459714037424078e+01,4.000000000000000000e+01
1.000000000000000000e+00,4.773647311314272201e+01,4.695151515151514587e+01,4.000000000000000000e+01
1.000000000000000000e+00,4.695151515151514587e+01,4.726323930502864101e+01,4.000000000000000000e+01
1.000000000000000000e+00,4.541212121212120678e+01,4.785940677690312839e+01,4.000000000000000000e+01
1.000000000000000000e+00,4.387272727272727479e+01,4.844055869779392509e+01,4.000000000000000000e+01
1.000000000000000000e+00,4.373583945210399548e+01,4.849090909090908497e+01,4.000000000000000000e+01
1.000000000000000000e+00,4.233333333333332149e+01,4.903653595528487585e+01,4.000000000000000000e+01
1.000000000000000000e+00,4.079393939393938240e+01,4.962007605083433504e+01,4.000000000000000000e+01
1.000000000000000000e+00,3.968155079716090228e+01,5.003030303030301695e+01,4.000000000000000000e+01
1.000000000000000000e+00,3.925454545454544331e+01,5.019837704305478354e+01,4.000000000000000000e+01
1.000000000000000000e+00,3.771515151515150421e+01,5.078330626701545469e+01,4.000000000000000000e+01
1.000000000000000000e+00,3.617575757575757223e+01,5.134918470782593403e+01,4.000000000000000000e+01
1.000000000000000000e+00,3.554809627578077169e+01,5.156969696969696315e+01,4.000000000000000000e+01
1.000000000000000000e+00,3.463636363636363313e+01,5.191406858225199272e+01,4.000000000000000000e+01
1.000000000000000000e+00,3.309696969696969404e+01,5.246557284501206198e+01,4.000000000000000000e+01
1.000000000000000000e+00,3.155757575757575495e+01,5.298753324214214189e+01,4.000000000000000000e+01
1.000000000000000000e+00,3.116854570884908071e+01,5.310909090909090935e+01,4.000000000000000000e+01
1.000000000000000000e+00,3.001818181818181941e+01,5.349709779283301003e+01,4.000000000000000000e+01
1.000000000000000000e+00,2.847878787878786611e+01,5.397028129194921320e+01,4.000000000000000000e+01
1.000000000000000000e+00,2.693939393939393057e+01,5.439429735623270545e+01,4.000000000000000000e+01
1.000000000000000000e+00,2.586561937552770019e+01,5.464848484848483423e+01,4.000000000000000000e+01
1.000000000000000000e+00,2.539999999999999147e+01,5.476760781056834304e+01,4.000000000000000000e+01
1.000000000000000000e+00,2.386060606060605593e+01,5.508236875869307880e+01,4.000000000000000000e+01
1.000000000000000000e+00,2.232121212121211684e+01,5.531335709925141941e+01,4.000000000000000000e+01
1.000000000000000000e+00,2.078181818181817775e+01,5.544552052553263621e+01,4.000000000000000000e+01
1.000000000000000000e+00,1.924242424242424221e+01,5.545868741913744060e+01,4.000000000000000000e+01
1.000000000000000000e+00,1.770303030303030312e+01,5.532538226878289578e+01,4.000000000000000000e+01
1.000000000000000000e+00,1.616363636363636758e+01,5.500738585919020807e+01,4.000000000000000000e+01
1.000000000000000000e+00,1.514730169325057751e+01,5.464848484848483423e+01,4.000000000000000000e+01
1.000000000000000000e+00,1.462424242424241427e+01,5.445227252746121849e+01,4.000000000000000000e+01
1.000000000000000000e+00,1.308484848484847696e+01,5.357914844492039919e+01,4.000000000000000000e+01
1.000000000000000000e+00,1.250222080410696712e+01,5.310909090909090935e+01,4.000000000000000000e+01
1.000000000000000000e+00,1.154545454545453964e+01,5.225167342493125489e+01,4.000000000000000000e+01
1.000000000000000000e+00,1.097727593774280486e+01,5.156969696969696315e+01,4.000000000000000000e+01
1.000000000000000000e+00,1.000606060606060410e+01,5.023426381797029450e+01,4.000000000000000000e+01
1.000000000000000000e+00,9.889321413261537685e+00,5.003030303030300985e+01,4.000000000000000000e+01
1.000000000000000000e+00,9.095113203537708912e+00,4.849090909090908497e+01,4.000000000000000000e+01
1.000000000000000000e+00,8.466666666666663232e+00,4.704965204468420836e+01,4.000000000000000000e+01
1.000000000000000000e+00,8.431239775159935945e+00,4.695151515151514587e+01,4.000000000000000000e+01
1.000000000000000000e+00,7.922944006202844669e+00,4.541212121212120678e+01,4.000000000000000000e+01
1.000000000000000000e+00,7.484683597247682840e+00,4.387272727272727479e+01,4.000000000000000000e+01
1.000000000000000000e+00,7.105473521988757035e+00,4.233333333333332149e+01,4.000000000000000000e+01
1.000000000000000000e+00,6.927272727272725916e+00,4.151949950364188169e+01,4.000000000000000000e+01
1.000000000000000000e+00,6.788321249834753601e+00,4.079393939393938240e+01,4.000000000000000000e+01
1.000000000000000000e+00,6.522674251524538391e+00,3.925454545454544331e+01,4.000000000000000000e+01
1.000000000000000000e+00,6.288873999741647403e+00,3.771515151515150421e+01,4.000000000000000000e+01
1.000000000000000000e+00,6.082998540665959908e+00,3.617575757575757223e+01,4.000000000000000000e+01
1.000000000000000000e+00,5.901776456061167409e+00,3.463636363636363313e+01,4.000000000000000000e+01
1.000000000000000000e+00,5.742467919714659530e+00,3.309696969696969404e+01,4.000000000000000000e+01
1.000000000000000000e+00,5.602771685465407714e+00,3.155757575757575495e+01,4.000000000000000000e+01
1.000000000000000000e+00,5.480751870838524553e+00,3.001818181818181941e+01,4.000000000000000000e+01
1.000000000000000000e+00,5.387878787878788600e+00,2.867338407557035040e+01,4.000000000000000000e+01
1.000000000000000000e+00,5.375350921448052155e+00,2.847878787878786611e+01,4.000000000000000000e+01
1.000000000000000000e+00,5.287694921872382992e+00,2.693939393939393057e+01,4.000000000000000000e+01
1.000000000000000000e+00,5.212499003651204887e+00,2.539999999999999503e+01,4.000000000000000000e+01
1.000000000000000000e+00,5.149007959599057216e+00,2.386060606060605949e+01,4.000000000000000000e+01
1.000000000000000000e+00,5.096613324605694828e+00,2.232121212121211684e+01,4.000000000000000000e+01
1.000000000000000000e+00,5.054840496989364773e+00,2.078181818181817420e+01,4.000000000000000000e+01
1.000000000000000000e+00,5.023339616211301539e+00,1.924242424242424221e+01,4.000000000000000000e+01
1.000000000000000000e+00,5.001879853915017549e+00,1.770303030303030312e+01,4.000000000000000000e+01
1.000000000000000000e+00,4.990346948170148345e+00,1.616363636363636758e+01,4.000000000000000000e+01
1.000000000000000000e+00,4.988743976016240644e+00,1.462424242424241427e+01,4.000000000000000000e+01
1.000000000000000000e+00,4.997195530674008346e+00,1.308484848484847873e+01,4.000000000000000000e+01
1.000000000000000000e+00,5.015955662178846808e+00,1.154545454545453964e+01,4.000000000000000000e+01
1.000000000000000000e+00,5.045420172070679499e+00,1.000606060606060232e+01,4.000000000000000000e+01
1.000000000000000000e+00,5.086144148538607190e+00,8.466666666666663232e+00,4.000000000000000000e+01
1.000000000000000000e+00,5.138866022423798086e+00,6.927272727272725916e+00,4.000000000000000000e+01
1.000000000000000000e+00,5.204539967172633119e+00,5.387878787878789488e+00,4.000000000000000000e+01
1.000000000000000000e+00,5.284379233565679179e+00,3.848484848484851284e+00,4.000000000000000000e+01
1.000000000000000000e+00,5.379914121403717608e+00,2.309090909090913524e+00,4.000000000000000000e+01
1.000000000000000000e+00,5.387878787878788600e+00,2.198737171164335980e+00,4.000000000000000000e+01
1.000000000000000000e+00,5.493573368125001188e+00,7.696969696969618857e-01,4.000000000000000000e+01
1.000000000000000000e+00,5.627257227569214315e+00,-7.696969696969757635e-01,4.000000000000000000e+01
1.000000000000000000e+00,5.783513127480615523e+00,-2.309090909090913524e+00,4.000000000000000000e+01
1.000000000000000000e+00,5.965084003630231280e+00,-3.848484848484851284e+00,4.000000000000000000e+01
1.000000000000000000e+00,6.175436691131132250e+00,-5.387878787878788600e+00,4.000000000000000000e+01
1.000000000000000000e+00,6.418980519147909014e+00,-6.927272727272725916e+00,4.000000000000000000e+01
1.000000000000000000e+00,6.701344625922995846e+00,-8.466666666666663232e+00,4.000000000000000000e+01
1.000000000000000000e+00,6.927272727272725916e+00,-9.541900349538314785e+00,4.000000000000000000e+01
1.000000000000000000e+00,7.030728125090872638e+00,-1.000606060606060232e+01,4.000000000000000000e+01
1.000000000000000000e+00,7.418951545307452378e+00,-1.154545454545453964e+01,4.000000000000000000e+01
1.000000000000000000e+00,7.877499404357571677e+00,-1.308484848484849117e+01,4.000000000000000000e+01
1.000000000000000000e+00,8.424467245894792455e+00,-1.462424242424242316e+01,4.000000000000000000e+01
1.000000000000000000e+00,8.466666666666663232e+00,-1.473025547779753808e+01,4.000000000000000000e+01
1.000000000000000000e+00,9.097904822585347162e+00,-1.616363636363636047e+01,4.000000000000000000e+01
1.000000000000000000e+00,9.930366743874133206e+00,-1.770303030303030312e+01,4.000000000000000000e+01
1.000000000000000000e+00,1.000606060606060410e+01,-1.782568134948154182e+01,4.000000000000000000e+01
1.000000000000000000e+00,1.101187382318842189e+01,-1.924242424242424221e+01,4.000000000000000000e+01
1.000000000000000000e+00,1.154545454545453964e+01,-1.986898579531340658e+01,4.000000000000000000e+01
1.000000000000000000e+00,1.246930761118504272e+01,-2.078181818181817775e+01,4.000000000000000000e+01
1.000000000000000000e+00,1.308484848484847696e+01,-2.130036998450296437e+01,4.000000000000000000e+01
1.000000000000000000e+00,1.459200013095952464e+01,-2.232121212121211684e+01,4.000000000000000000e+01
1.000000000000000000e+00,1.462424242424241427e+01,-2.234018009950766626e+01,4.000000000000000000e+01
1.000000000000000000e+00,1.616363636363636758e+01,-2.310570317397498030e+01,4.000000000000000000e+01
1.000000000000000000e+00,1.770303030303030312e+01,-2.368760192167987455e+01,4.000000000000000000e+01
1.000000000000000000e+00,1.826841503562878799e+01,-2.386060606060606304e+01,4.000000000000000000e+01
1.000000000000000000e+00,1.924242424242424221e+01,-2.412885215610161893e+01,4.000000000000000000e+01
1.000000000000000000e+00,3.771515151515150421e+01,-1.627877212128132811e+01,4.000000000000000000e+01
1.000000000000000000e+00,3.925454545454544331e+01,-1.642958367484235183e+01,4.000000000000000000e+01
1.000000000000000000e+00,4.079393939393938240e+01,-1.652816538332310259e+01,4.000000000000000000e+01
1.000000000000000000e+00,4.233333333333332149e+01,-1.657662700154662616e+01,4.000000000000000000e+01
1.000000000000000000e+00,4.387272727272728190e+01,-1.657597767269480116e+01,4.000000000000000000e+01
1.000000000000000000e+00,4.541212121212120678e+01,-1.652613270114707689e+01,4.000000000000000000e+01
1.000000000000000000e+00,4.695151515151514587e+01,-1.642586236359684548e+01,4.000000000000000000e+01
1.000000000000000000e+00,4.849090909090908497e+01,-1.627267454943338620e+01,4.000000000000000000e+01
1.000000000000000000e+00,4.929270138978649385e+01,-1.616363636363636047e+01,4.000000000000000000e+01
1.000000000000000000e+00,5.003030303030300985e+01,-1.605809211695924077e+01,4.000000000000000000e+01
1.000000000000000000e+00,5.156969696969696315e+01,-1.577315002541678979e+01,4.000000000000000000e+01
1.000000000000000000e+00,5.310909090909090935e+01,-1.541435963934355513e+01,4.000000000000000000e+01
1.000000000000000000e+00,5.464848484848483423e+01,-1.497032654707356691e+01,4.000000000000000000e+01
1.000000000000000000e+00,5.563671572094375506e+01,-1.462424242424242138e+01,4.000000000000000000e+01
1.000000000000000000e+00,5.618787878787878753e+01,-1.441506243721047831e+01,4.000000000000000000e+01
1.000000000000000000e+00,5.772727272727271242e+01,-1.371291999511726445e+01,4.000000000000000000e+01
1.000000000000000000e+00,5.886223776714746947e+01,-1.308484848484849117e+01,4.000000000000000000e+01
1.000000000000000000e+00,5.926666666666665861e+01,-1.283653922326171326e+01,4.000000000000000000e+01
1.000000000000000000e+00,6.080606060606058350e+01,-1.170464470540194668e+01,4.000000000000000000e+01
1.000000000000000000e+00,6.098913655121736355e+01,-1.154545454545453964e+01,4.000000000000000000e+01
1.000000000000000000e+00,6.234545454545452969e+01,-1.019670919459873382e+01,4.000000000000000000e+01
1.000000000000000000e+00,6.250800843780537974e+01,-1.000606060606060232e+01,4.000000000000000000e+01
1.000000000000000000e+00,6.364168838793922589e+01,-8.466666666666663232e+00,4.000000000000000000e+01
1.000000000000000000e+00,6.388484848484846168e+01,-8.077079243406707576e+00,4.000000000000000000e+01
1.000000000000000000e+00,6.450621644872852301e+01,-6.927272727272725916e+00,4.000000000000000000e+01
1.000000000000000000e+00,6.519190481971546092e+01,-5.387878787878788600e+00,4.000000000000000000e+01
1.000000000000000000e+00,6.542424242424240788e+01,-4.754481153236897129e+00,4.000000000000000000e+01
1.000000000000000000e+00,6.571750951431617693e+01,-3.848484848484851284e+00,4.000000000000000000e+01
1.000000000000000000e+00,6.611772184560126675e+01,-2.309090909090913524e+00,4.000000000000000000e+01
1.000000000000000000e+00,6.642368115786912597e+01,-7.696969696969757635e-01,4.000000000000000000e+01
1.000000000000000000e+00,6.664330956494468694e+01,7.696969696969618857e-01,4.000000000000000000e+01
1.000000000000000000e+00,6.678468342912914579e+01,2.309090909090913524e+00,4.000000000000000000e+01
1.000000000000000000e+00,6.685616334383222181e+01,3.848484848484851284e+00,4.000000000000000000e+01
1.000000000000000000e+00,6.686368533462511721e+01,5.387878787878788600e+00,4.000000000000000000e+01
1.000000000000000000e+00,6.681116515060914196e+01,6.927272727272725916e+00,4.000000000000000000e+01
1.000000000000000000e+00,6.670086512048806071e+01,8.466666666666663232e+00,4.000000000000000000e+01
1.000000000000000000e+00,6.653362823625886335e+01,1.000606060606060232e+01,4.000000000000000000e+01
1.000000000000000000e+00,6.630901425033412977e+01,1.154545454545453964e+01,4.000000000000000000e+01
1.000000000000000000e+00,6.602535838926341683e+01,1.308484848484847696e+01,4.000000000000000000e+01
1.000000000000000000e+00,6.567976365198556721e+01,1.462424242424241427e+01,4.000000000000000000e+01
1.000000000000000000e+00,6.542424242424240788e+01,1.558932800405043295e+01,4.000000000000000000e+01
1.000000000000000000e+00,6.525523039954734372e+01,1.616363636363636758e+01,4.000000000000000000e+01
1.000000000000000000e+00,6.473323597526353979e+01,1.770303030303030312e+01,4.000000000000000000e+01
1.000000000000000000e+00,6.412792308734107394e+01,1.924242424242424221e+01,4.000000000000000000e+01
1.000000000000000000e+00,6.388484848484846168e+01,1.979182805989748672e+01,4.000000000000000000e+01
1.000000000000000000e+00,6.339340583406005436e+01,2.078181818181817775e+01,4.000000000000000000e+01
1.000000000000000000e+00,6.253030854575558806e+01,2.232121212121212039e+01,4.000000000000000000e+01
1.000000000000000000e+00,6.234545454545453680e+01,2.262030485915388667e+01,4.000000000000000000e+01
1.000000000000000000e+00,6.148073701526354995e+01,2.386060606060605593e+01,4.000000000000000000e+01
1.000000000000000000e+00,6.080606060606058350e+01,2.473706464165486452e+01,4.000000000000000000e+01
1.000000000000000000e+00,6.022875297981977383e+01,2.539999999999999147e+01,4.000000000000000000e+01
1.000000000000000000e+00,5.926666666666665861e+01,2.641883868996983864e+01,4.000000000000000000e+01
1.000000000000000000e+00,5.870952524100530923e+01,2.693939393939393057e+01,4.000000000000000000e+01
1.000000000000000000e+00,5.772727272727271242e+01,2.779908254916076515e+01,4.000000000000000000e+01
1.000000000000000000e+00,5.684649698195806877e+01,2.847878787878786611e+01,4.000000000000000000e+01
1.000000000000000000e+00,5.618787878787878753e+01,2.896150172642219900e+01,4.000000000000000000e+01
1.000000000000000000e+00,5.464848484848483423e+01,2.995862757096015372e+01,4.000000000000000000e+01
1.000000000000000000e+00,5.454527993305168110e+01,3.001818181818181941e+01,4.000000000000000000e+01
1.000000000000000000e+00,5.310909090909090935e+01,3.081973194423324003e+01,4.000000000000000000e+01
1.000000000000000000e+00,5.161349921909679495e+01,3.155757575757575495e+01,4.000000000000000000e+01
1.000000000000000000e+00,5.156969696969696315e+01,3.157869790581912284e+01,4.000000000000000000e+01
1.000000000000000000e+00,5.003030303030300985e+01,3.224418410343439945e+01,4.000000000000000000e+01
1.000000000000000000e+00,4.849090909090908497e+01,3.283534584335205864e+01,4.000000000000000000e+01
1.000000000000000000e+00,4.772269443603401129e+01,3.309696969696969404e+01,4.000000000000000000e+01
1.000000000000000000e+00,4.695151515151514587e+01,3.335833529558677668e+01,4.000000000000000000e+01
1.000000000000000000e+00,4.541212121212120678e+01,3.381881668432126986e+01,4.000000000000000000e+01
1.000000000000000000e+00,4.387272727272727479e+01,3.422238531300157405e+01,4.000000000000000000e+01
1.000000000000000000e+00,4.233333333333332149e+01,3.457101193543650197e+01,4.000000000000000000e+01
1.000000000000000000e+00,4.198602574142778820e+01,3.463636363636363313e+01,4.000000000000000000e+01
1.000000000000000000e+00,4.079393939393938240e+01,3.486368963687527867e+01,4.000000000000000000e+01
1.000000000000000000e+00,3.925454545454544331e+01,3.509992043358217018e+01,4.000000000000000000e+01
1.000000000000000000e+00,3.771515151515150421e+01,3.527719319572066325e+01,4.000000000000000000e+01
1.000000000000000000e+00,3.617575757575757223e+01,3.539089220096912669e+01,4.000000000000000000e+01
1.000000000000000000e+00,3.463636363636363313e+01,3.543437339787918461e+01,4.000000000000000000e+01
1.000000000000000000e+00,3.309696969696969404e+01,3.539860445005606238e+01,4.000000000000000000e+01
1.000000000000000000e+00,3.155757575757575495e+01,3.527165389886901892e+01,4.000000000000000000e+01
1.000000000000000000e+00,3.001818181818181941e+01,3.503798164973748186e+01,4.000000000000000000e+01
1.000000000000000000e+00,2.847878787878786611e+01,3.467745930392823084e+01,4.000000000000000000e+01
1.000000000000000000e+00,2.834894466510993283e+01,3.463636363636363313e+01,4.000000000000000000e+01
1.000000000000000000e+00,2.693939393939393057e+01,3.415572414290377168e+01,4.000000000000000000e+01
1.000000000000000000e+00,2.539999999999999147e+01,3.344106241141481206e+01,4.000000000000000000e+01
1.000000000000000000e+00,2.481936415384025807e+01,3.309696969696969404e+01,4.000000000000000000e+01
1.000000000000000000e+00,2.386060606060605593e+01,3.247130545851820926e+01,4.000000000000000000e+01
1.000000000000000000e+00,2.274691422247056849e+01,3.155757575757575495e+01,4.000000000000000000e+01
1.000000000000000000e+00,2.232121212121211684e+01,3.116671807905578362e+01,4.000000000000000000e+01
1.000000000000000000e+00,2.128422121655870569e+01,3.001818181818181941e+01,4.000000000000000000e+01
1.000000000000000000e+00,2.078181818181817775e+01,2.938416198341301211e+01,4.000000000000000000e+01
1.000000000000000000e+00,2.016866495021461247e+01,2.847878787878786611e+01,4.000000000000000000e+01
1.000000000000000000e+00,1.927056735828636036e+01,2.693939393939393057e+01,4.000000000000000000e+01
1.000000000000000000e+00,1.924242424242424221e+01,2.688486523801798711e+01,4.000000000000000000e+01
1.000000000000000000e+00,1.856511491771608391e+01,2.539999999999999147e+01,4.000000000000000000e+01
1.000000000000000000e+00,1.797071626736766703e+01,2.386060606060605593e+01,4.000000000000000000e+01
1.000000000000000000e+00,1.770303030303030312e+01,2.305249820060677735e+01,4.000000000000000000e+01
1.000000000000000000e+00,1.748338615309848976e+01,2.232121212121211684e+01,4.000000000000000000e+01
1.000000000000000000e+00,1.708699252305906313e+01,2.078181818181817775e+01,4.000000000000000000e+01
1.000000000000000000e+00,1.675847542467834472e+01,1.924242424242424221e+01,4.000000000000000000e+01
1.000000000000000000e+00,1.649168800602046048e+01,1.770303030303030312e+01,4.000000000000000000e+01
1.000000000000000000e+00,1.628182999415811949e+01,1.616363636363636758e+01,4.000000000000000000e+01
1.000000000000000000e+00,1.616363636363636758e+01,1.500750520897079987e+01,4.000000000000000000e+01
1.000000000000000000e+00,1.612671925850766286e+01,1.462424242424241427e+01,4.000000000000000000e+01
1.000000000000000000e+00,1.602461277933370809e+01,1.308484848484847696e+01,4.000000000000000000e+01
1.000000000000000000e+00,1.596964974049216046e+01,1.154545454545453964e+01,4.000000000000000000e+01
1.000000000000000000e+00,1.596152180645286300e+01,1.000606060606060232e+01,4.000000000000000000e+01
1.000000000000000000e+00,1.600081655723140273e+01,8.466666666666663232e+00,4.000000000000000000e+01
1.000000000000000000e+00,1.608908809747034141e+01,6.927272727272725916e+00,4.000000000000000000e+01
1.000000000000000000e+00,1.616363636363636758e+01,6.106219203152728703e+00,4.000000000000000000e+01
1.000000000000000000e+00,1.623090355627649117e+01,5.387878787878788600e+00,4.000000000000000000e+01
1.000000000000000000e+00,1.643182687609547799e+01,3.848484848484851284e+00,4.000000000000000000e+01
1.000000000000000000e+00,1.669512490973272989e+01,2.309090909090913524e+00,4.000000000000000000e+01
1.000000000000000000e+00,1.702839338106830525e+01,7.696969696969618857e-01,4.000000000000000000e+01
1.000000000000000000e+00,1.744175433843273737e+01,-7.696969696969757635e-01,4.000000000000000000e+01
1.000000000000000000e+00,1.770303030303030312e+01,-1.577104200605624396e+00,4.000000000000000000e+01
1.000000000000000000e+00,1.795322440997843572e+01,-2.309090909090913524e+00,4.000000000000000000e+01
1.000000000000000000e+00,1.857770374398526414e+01,-3.848484848484851284e+00,4.000000000000000000e+01
1.000000000000000000e+00,1.924242424242424221e+01,-5.226651762900256237e+00,4.000000000000000000e+01
1.000000000000000000e+00,1.932589557947470027e+01,-5.387878787878788600e+00,4.000000000000000000e+01
1.000000000000000000e+00,2.024478924893420384e+01,-6.927272727272725916e+00,4.000000000000000000e+01
1.000000000000000000e+00,2.078181818181817775e+01,-7.700440742667331584e+00,4.000000000000000000e+01
1.000000000000000000e+00,2.136446605040551816e+01,-8.466666666666663232e+00,4.000000000000000000e+01
1.000000000000000000e+00,2.232121212121211684e+01,-9.559650997142473017e+00,4.000000000000000000e+01
1.000000000000000000e+00,2.275544490537526698e+01,-1.000606060606060232e+01,4.000000000000000000e+01
1.000000000000000000e+00,2.386060606060605593e+01,-1.100623571763928155e+01,4.000000000000000000e+01
1.000000000000000000e+00,2.453446453866572696e+01,-1.154545454545453964e+01,4.000000000000000000e+01
1.000000000000000000e+00,2.539999999999999147e+01,-1.216255774177590254e+01,4.000000000000000000e+01
1.000000000000000000e+00,2.689449233082152091e+01,-1.308484848484849117e+01,4.000000000000000000e+01
1.000000000000000000e+00,2.693939393939393057e+01,-1.310981214079260049e+01,4.000000000000000000e+01
1.000000000000000000e+00,2.847878787878786611e+01,-1.386875941306733218e+01,4.000000000000000000e+01
1.000000000000000000e+00,3.001818181818181941e+01,-1.450677786732586050e+01,4.000000000000000000e+01
1.000000000000000000e+00,3.034642847707332081e+01,-1.462424242424242138e+01,4.000000000000000000e+01
1.000000000000000000e+00,3.155757575757575495e+01,-1.502187203906217583e+01,4.000000000000000000e+01
1.000000000000000000e+00,3.309696969696969404e+01,-1.544479110528750709e+01,4.000000000000000000e+01
1.000000000000000000e+00,3.463636363636363313e+01,-1.579102576518208423e+01,4.000000000000000000e+01
1.000000000000000000e+00,3.617575757575757223e+01,-1.606858886607933457e+01,4.000000000000000000e+01
1.000000000000000000e+00,3.684674292668202611e+01,-1.616363636363636047e+01,4.000000000000000000e+01
1.000000000000000000e+00,3.771515151515150421e+01,-1.627877212128132811e+01,4.000000000000000000e+01
1.000000000000000000e+00,3.925454545454544331e+01,-4.315210131114196379e+00,4.000000000000000000e+01
1.000000000000000000e+00,4.079393939393938240e+01,-4.754438172908032278e+00,4.000000000000000000e+01
1.000000000000000000e+00,4.233333333333332149e+01,-5.040668763105339067e+00,4.000000000000000000e+01
1.000000000000000000e+00,4.387272727272727479e+01,-5.174805057588672597e+00,4.000000000000000000e+01
1.000000000000000000e+00,4.541212121212120678e+01,-5.154599345319475390e+00,4.000000000000000000e+01
1.000000000000000000e+00,4.695151515151514587e+01,-4.974405672912778797e+00,4.000000000000000000e+01
1.000000000000000000e+00,4.849090909090908497e+01,-4.624732413263958897e+00,4.000000000000000000e+01
1.000000000000000000e+00,5.003030303030300985e+01,-4.091539285472173937e+00,4.000000000000000000e+01
1.000000000000000000e+00,5.054387250808390064e+01,-3.848484848484851284e+00,4.000000000000000000e+01
1.000000000000000000e+00,5.156969696969696315e+01,-3.272418887300953205e+00,4.000000000000000000e+01
1.000000000000000000e+00,5.288528177617106252e+01,-2.309090909090913524e+00,4.000000000000000000e+01
1.000000000000000000e+00,5.310909090909090935e+01,-2.104978181055244146e+00,4.000000000000000000e+01
1.000000000000000000e+00,5.428213198317626365e+01,-7.696969696969757635e-01,4.000000000000000000e+01
1.000000000000000000e+00,5.464848484848483423e+01,-2.104425876665822481e-01,4.000000000000000000e+01
1.000000000000000000e+00,5.518009362463401146e+01,7.696969696969618857e-01,4.000000000000000000e+01
1.000000000000000000e+00,5.574420241695334965e+01,2.309090909090913524e+00,4.000000000000000000e+01
1.000000000000000000e+00,5.606186416754493251e+01,3.848484848484851284e+00,4.000000000000000000e+01
1.000000000000000000e+00,5.615698042275407431e+01,5.387878787878788600e+00,4.000000000000000000e+01
1.000000000000000000e+00,5.604759194120782695e+01,6.927272727272725916e+00,4.000000000000000000e+01
1.000000000000000000e+00,5.574706754357616489e+01,8.466666666666663232e+00,4.000000000000000000e+01
1.000000000000000000e+00,5.526495857930198241e+01,1.000606060606060232e+01,4.000000000000000000e+01
1.000000000000000000e+00,5.464848484848483423e+01,1.145005131903010387e+01,4.000000000000000000e+01
1.000000000000000000e+00,5.460095341532470314e+01,1.154545454545453964e+01,4.000000000000000000e+01
1.000000000000000000e+00,5.364028527484377662e+01,1.308484848484847696e+01,4.000000000000000000e+01
1.000000000000000000e+00,5.310909090909090935e+01,1.379762539030073221e+01,4.000000000000000000e+01
1.000000000000000000e+00,5.237943592906859891e+01,1.462424242424241427e+01,4.000000000000000000e+01
1.000000000000000000e+00,5.156969696969696315e+01,1.542151158079211726e+01,4.000000000000000000e+01
1.000000000000000000e+00,5.066092233474494577e+01,1.616363636363636758e+01,4.000000000000000000e+01
1.000000000000000000e+00,5.003030303030300985e+01,1.662405089815879577e+01,4.000000000000000000e+01
1.000000000000000000e+00,4.849090909090908497e+01,1.753547067679427229e+01,4.000000000000000000e+01
1.000000000000000000e+00,4.812694428485057330e+01,1.770303030303030312e+01,4.000000000000000000e+01
1.000000000000000000e+00,4.695151515151514587e+01,1.819970382823008137e+01,4.000000000000000000e+01
1.000000000000000000e+00,4.541212121212120678e+01,1.867677367200149519e+01,4.000000000000000000e+01
1.000000000000000000e+00,4.387272727272727479e+01,1.898503258483944478e+01,4.000000000000000000e+01
1.000000000000000000e+00,4.233333333333332149e+01,1.912232235022710469e+01,4.000000000000000000e+01
1.000000000000000000e+00,4.079393939393938240e+01,1.908136263664214383e+01,4.000000000000000000e+01
1.000000000000000000e+00,3.925454545454544331e+01,1.884941840248689360e+01,4.000000000000000000e+01
1.000000000000000000e+00,3.771515151515150421e+01,1.840762754670931756e+01,4.000000000000000000e+01
1.000000000000000000e+00,3.617575757575757223e+01,1.772993283481759974e+01,4.000000000000000000e+01
1.000000000000000000e+00,3.612993567298664743e+01,1.770303030303030312e+01,4.000000000000000000e+01
1.000000000000000000e+00,3.463636363636363313e+01,1.666993835288248960e+01,4.000000000000000000e+01
1.000000000000000000e+00,3.406894658160880596e+01,1.616363636363636758e+01,4.000000000000000000e+01
1.000000000000000000e+00,3.309696969696969404e+01,1.510269175604638647e+01,4.000000000000000000e+01
1.000000000000000000e+00,3.273761969176594988e+01,1.462424242424241427e+01,4.000000000000000000e+01
1.000000000000000000e+00,3.182939672650939045e+01,1.308484848484847696e+01,4.000000000000000000e+01
1.000000000000000000e+00,3.155757575757575495e+01,1.246045966200852817e+01,4.000000000000000000e+01
1.000000000000000000e+00,3.121466541316930687e+01,1.154545454545453964e+01,4.000000000000000000e+01
1.000000000000000000e+00,3.082948856161704043e+01,1.000606060606060232e+01,4.000000000000000000e+01
1.000000000000000000e+00,3.063148376168687292e+01,8.466666666666663232e+00,4.000000000000000000e+01
1.000000000000000000e+00,3.061429423122755011e+01,6.927272727272725916e+00,4.000000000000000000e+01
1.000000000000000000e+00,3.077750445409819591e+01,5.387878787878788600e+00,4.000000000000000000e+01
1.000000000000000000e+00,3.112678808884419723e+01,3.848484848484850840e+00,4.000000000000000000e+01
1.000000000000000000e+00,3.155757575757575495e+01,2.637520226889390695e+00,4.000000000000000000e+01
1.000000000000000000e+00,3.168679536442057554e+01,2.309090909090913524e+00,4.000000000000000000e+01
1.000000000000000000e+00,3.253268827583166711e+01,7.696969696969618857e-01,4.000000000000000000e+01
1.000000000000000000e+00,3.309696969696969404e+01,-1.174827251751518406e-02,4.000000000000000000e+01
1.000000000000000000e+00,3.371957182072195280e+01,-7.696969696969757635e-01,4.000000000000000000e+01
1.000000000000000000e+00,3.463636363636363313e+01,-1.658700372105537779e+00,4.000000000000000000e+01
1.000000000000000000e+00,3.542156903198707596e+01,-2.309090909090913524e+00,4.000000000000000000e+01
1.000000000000000000e+00,3.617575757575757223e+01,-2.827242311262034846e+00,4.000000000000000000e+01
1.000000000000000000e+00,3.771515151515150421e+01,-3.699585428856861480e+00,4.000000000000000000e+01
1.000000000000000000e+00,3.804544218411620449e+01,-3.848484848484851284e+00,4.000000000000000000e+01
1.000000000000000000e+00,3.925454545454544331e+01,-4.315210131114196379e+00,4.000000000000000000e+01
